region,response,frac_area,Tipo,median,lower,upper
EBA,Prec,0.01,PF,2217.36436286828,2180.43293258155,2238.81028094926
EBA,Prec,0.0149748743718593,PF,2217.31204667934,2180.5099643581,2238.76694825468
EBA,Prec,0.0199497487437186,PF,2217.25975369748,2180.61098481515,2238.72361129436
EBA,Prec,0.0249246231155779,PF,2217.20750712977,2180.71191404434,2238.68026580255
EBA,Prec,0.0298994974874372,PF,2217.15533018329,2180.81270643175,2238.63690751351
EBA,Prec,0.0348743718592965,PF,2217.10324606513,2180.91331636344,2238.59353216148
EBA,Prec,0.0398492462311558,PF,2217.05127798235,2181.01369822549,2238.55013548073
EBA,Prec,0.0448241206030151,PF,2216.99944914203,2181.11380640397,2238.5067132055
EBA,Prec,0.0497989949748744,PF,2216.94778275125,2181.21359528495,2238.46326107006
EBA,Prec,0.0547738693467337,PF,2216.8963020171,2181.3130192545,2238.41977480866
EBA,Prec,0.059748743718593,PF,2216.84503014663,2181.41203269869,2238.37625015555
EBA,Prec,0.0647236180904523,PF,2216.79399034694,2181.51059000359,2238.33268284499
EBA,Prec,0.0696984924623116,PF,2216.7432058251,2181.60864555528,2238.28906861123
EBA,Prec,0.0746733668341709,PF,2216.69269978819,2181.70615373983,2238.24540318853
EBA,Prec,0.0796482412060302,PF,2216.64249544328,2181.8030689433,2238.20168231114
EBA,Prec,0.0846231155778894,PF,2216.59261599745,2181.89934555177,2238.15790171331
EBA,Prec,0.0895979899497487,PF,2216.54308465779,2181.99493795132,2238.11405712931
EBA,Prec,0.094572864321608,PF,2216.49392463135,2182.089800528,2238.07014429339
EBA,Prec,0.0995477386934673,PF,2216.44515912523,2182.1838876679,2238.02615893979
EBA,Prec,0.104522613065327,PF,2216.3968113465,2182.27715375708,2237.98209680278
EBA,Prec,0.109497487437186,PF,2216.34890450224,2182.36955318162,2237.93795361662
EBA,Prec,0.114472361809045,PF,2216.30146179952,2182.46104032759,2237.89372511554
EBA,Prec,0.119447236180905,PF,2216.25450644543,2182.55156958105,2237.84940703382
EBA,Prec,0.124422110552764,PF,2216.20806164704,2182.64109532809,2237.8049951057
EBA,Prec,0.129396984924623,PF,2216.16215061142,2182.72957195476,2237.76048506545
EBA,Prec,0.134371859296482,PF,2216.11679654565,2182.81695384715,2237.7158726473
EBA,Prec,0.139346733668342,PF,2216.07202265682,2182.90319539132,2237.67115358553
EBA,Prec,0.144321608040201,PF,2216.027852152,2182.98825097335,2237.62632361438
EBA,Prec,0.14929648241206,PF,2215.98430823826,2183.07207497931,2237.58137846811
EBA,Prec,0.15427135678392,PF,2215.94141412268,2183.15462179526,2237.53631388097
EBA,Prec,0.159246231155779,PF,2215.89919301234,2183.23584580729,2237.49112558722
EBA,Prec,0.164221105527638,PF,2215.85766811433,2183.31570140145,2237.44580932111
EBA,Prec,0.169195979899498,PF,2215.8168626357,2183.39414296383,2237.4003608169
EBA,Prec,0.174170854271357,PF,2215.77679978355,2183.40803419353,2237.35477580885
EBA,Prec,0.179145728643216,PF,2215.73750276495,2183.35230235169,2237.3090500312
EBA,Prec,0.184120603015075,PF,2215.69899478697,2183.29780529345,2237.26317921821
EBA,Prec,0.189095477386935,PF,2215.6612990567,2183.24457933598,2237.21715910414
EBA,Prec,0.194070351758794,PF,2215.62443878121,2183.19266079643,2237.17098542325
EBA,Prec,0.199045226130653,PF,2215.58843716758,2183.14208599198,2237.12465390978
EBA,Prec,0.204020100502513,PF,2215.55331742288,2183.09289123978,2237.07816029799
EBA,Prec,0.208994974874372,PF,2215.51910275419,2183.04511285701,2237.03150032213
EBA,Prec,0.213969849246231,PF,2215.4858163686,2182.99878716083,2236.98466971647
EBA,Prec,0.21894472361809,PF,2215.45348147317,2182.9539504684,2236.93766421525
EBA,Prec,0.22391959798995,PF,2215.42212127499,2182.91063909689,2236.89047955273
EBA,Prec,0.228894472361809,PF,2215.39175898113,2182.86888936346,2236.84311146317
EBA,Prec,0.233869346733668,PF,2215.36241779866,2182.82873758528,2236.79555568082
EBA,Prec,0.238844221105528,PF,2215.33412093468,2182.79022007951,2236.74780793993
EBA,Prec,0.243819095477387,PF,2215.30689159624,2182.75337316332,2236.68440595385
EBA,Prec,0.248793969849246,PF,2215.28075299044,2182.71823315387,2236.60943856483
EBA,Prec,0.253768844221106,PF,2215.25572832435,2182.68483636832,2236.53554402193
EBA,Prec,0.258743718592965,PF,2215.23184080504,2182.65321912385,2236.46274467612
EBA,Prec,0.263718592964824,PF,2215.20911363959,2182.62341773761,2236.39106287836
EBA,Prec,0.268693467336683,PF,2215.18757003508,2182.59546852677,2236.3205209796
EBA,Prec,0.273668341708543,PF,2215.16723319859,2182.56940780849,2236.25114133081
EBA,Prec,0.278643216080402,PF,2215.1481263372,2182.54527189994,2236.18294628295
EBA,Prec,0.283618090452261,PF,2215.13027265797,2182.52309711829,2236.11595818698
EBA,Prec,0.288592964824121,PF,2215.113695368,2182.5029197807,2236.05019939386
EBA,Prec,0.29356783919598,PF,2215.09841767435,2182.48477620433,2235.98569225456
EBA,Prec,0.298542713567839,PF,2215.0844627841,2182.46870270635,2235.92245912002
EBA,Prec,0.303517587939699,PF,2215.07185390433,2182.45473560392,2235.86052234123
EBA,Prec,0.308492462311558,PF,2215.06061424212,2182.44291121421,2235.79990426912
EBA,Prec,0.313467336683417,PF,2215.05076700455,2182.43326585438,2235.74062725468
EBA,Prec,0.318442211055276,PF,2215.04233539869,2182.4258358416,2235.68271364885
EBA,Prec,0.323417085427136,PF,2215.03534263162,2182.42065749303,2235.6261858026
EBA,Prec,0.328391959798995,PF,2215.02981191041,2182.41776712584,2235.57106606688
EBA,Prec,0.333366834170854,PF,2215.02576644215,2182.41720105719,2235.51737679267
EBA,Prec,0.338341708542714,PF,2215.02322943391,2182.41899560424,2235.46514033092
EBA,Prec,0.343316582914573,PF,2215.02221149814,2182.42316750977,2235.41437132397
EBA,Prec,0.348291457286432,PF,2215.04168873832,2182.42965521892,2235.36505357965
EBA,Prec,0.353266331658292,PF,2215.09039640686,2182.43837760248,2235.31716319718
EBA,Prec,0.358241206030151,PF,2215.14088594819,2182.44925353118,2235.27067627577
EBA,Prec,0.36321608040201,PF,2215.19306408556,2182.46220187581,2235.22556891463
EBA,Prec,0.368190954773869,PF,2215.24683754226,2182.47714150711,2235.18181721298
EBA,Prec,0.373165829145729,PF,2215.30211304154,2182.49399129585,2235.13939727004
EBA,Prec,0.378140703517588,PF,2215.35879730669,2182.5126701128,2235.1050714556
EBA,Prec,0.383115577889447,PF,2215.41679706095,2182.53309682871,2235.09352485026
EBA,Prec,0.388090452261307,PF,2215.47601902761,2182.55519031435,2235.08099788096
EBA,Prec,0.393065326633166,PF,2215.53636992992,2182.57886944047,2235.06753741919
EBA,Prec,0.398040201005025,PF,2215.59775649116,2182.60405307785,2235.05319033645
EBA,Prec,0.403015075376884,PF,2215.6600854346,2182.63066009723,2235.03800350424
EBA,Prec,0.407989949748744,PF,2215.7232634835,2182.65860936939,2235.02202379405
EBA,Prec,0.412964824120603,PF,2215.78719736113,2182.68781976508,2235.0035361737
EBA,Prec,0.417939698492462,PF,2215.85179379077,2182.71821015507,2234.95569861384
EBA,Prec,0.422914572864322,PF,2215.91695949566,2182.74969941012,2234.90742445081
EBA,Prec,0.427889447236181,PF,2215.9826011991,2182.78220640099,2234.85877220663
EBA,Prec,0.43286432160804,PF,2216.04862562433,2182.81564999843,2234.80980040335
EBA,Prec,0.437839195979899,PF,2216.11493949463,2182.84994907323,2234.7908685121
EBA,Prec,0.442814070351759,PF,2216.18144953328,2182.88502249612,2234.78243899247
EBA,Prec,0.447788944723618,PF,2216.24806246353,2182.92078913788,2234.77481532846
EBA,Prec,0.452763819095477,PF,2216.31468500865,2182.95716786927,2234.76796649952
EBA,Prec,0.457738693467337,PF,2216.38122389191,2182.99407756105,2234.76186148508
EBA,Prec,0.462713567839196,PF,2216.44758583659,2183.03143708399,2234.75646926459
EBA,Prec,0.467688442211055,PF,2216.51367756594,2183.06916530883,2234.75175881749
EBA,Prec,0.472663316582915,PF,2216.57940580323,2183.10718110635,2234.74769912321
EBA,Prec,0.477638190954774,PF,2216.64467727174,2183.14540334731,2234.7442591612
EBA,Prec,0.482613065326633,PF,2216.70939869473,2183.18375090246,2234.7414079109
EBA,Prec,0.487587939698492,PF,2216.77347679547,2183.22214264258,2234.73911435175
EBA,Prec,0.492562814070352,PF,2216.83681829723,2183.26049743841,2234.73734746318
EBA,Prec,0.497537688442211,PF,2216.89932992327,2183.29873416074,2234.73607622465
EBA,Prec,0.50251256281407,PF,2216.96091839686,2183.3367716803,2234.73526961559
EBA,Prec,0.50748743718593,PF,2217.02149044128,2183.37452886787,2234.73489661544
EBA,Prec,0.512462311557789,PF,2217.08095277978,2183.41192459422,2234.73492620365
EBA,Prec,0.517437185929648,PF,2217.13921213564,2183.44887773009,2234.73532735964
EBA,Prec,0.522412060301508,PF,2217.19617523212,2183.4716640964,2234.73606906287
EBA,Prec,0.527386934673367,PF,2217.25174879249,2183.4083357842,2234.73712029278
EBA,Prec,0.532361809045226,PF,2217.30583954002,2183.34458226543,2234.73845002879
EBA,Prec,0.537336683417085,PF,2217.35835419799,2183.28047157463,2234.74002725037
EBA,Prec,0.542311557788945,PF,2217.40919948964,2183.21607174635,2234.74182093694
EBA,Prec,0.547286432160804,PF,2217.45828213826,2183.15145081514,2234.74380006795
EBA,Prec,0.552261306532663,PF,2217.50550886711,2183.08667681555,2234.74593362283
EBA,Prec,0.557236180904523,PF,2217.55078639946,2183.02181778211,2234.74819058103
EBA,Prec,0.562211055276382,PF,2217.59402145858,2182.95694174937,2234.75053992199
EBA,Prec,0.567185929648241,PF,2217.63512076773,2182.89211675188,2234.75295062515
EBA,Prec,0.572160804020101,PF,2217.67399105018,2182.82741082419,2234.75539166995
EBA,Prec,0.57713567839196,PF,2217.69970598624,2182.76289200083,2234.75783203583
EBA,Prec,0.582110552763819,PF,2217.71333564081,2182.69862831636,2234.76024070224
EBA,Prec,0.587085427135679,PF,2217.7256467134,2182.63468780531,2234.7625866486
EBA,Prec,0.592060301507538,PF,2217.73659342592,2182.57113850224,2234.76483885436
EBA,Prec,0.597035175879397,PF,2217.74613000032,2182.50804844169,2234.76696629897
EBA,Prec,0.602010050251256,PF,2217.75421065852,2182.44548565821,2234.76893796187
EBA,Prec,0.606984924623116,PF,2217.76078962246,2182.38351818633,2234.77072282248
EBA,Prec,0.611959798994975,PF,2217.76582111406,2182.32221406062,2234.77228986027
EBA,Prec,0.616934673366834,PF,2217.76925935527,2182.2616413156,2234.77360805465
EBA,Prec,0.621909547738694,PF,2217.771058568,2182.20186798582,2234.77464638509
EBA,Prec,0.626884422110553,PF,2217.74942457269,2182.15098783923,2234.77537383101
EBA,Prec,0.631859296482412,PF,2217.72413042754,2182.12860914413,2234.77575937186
EBA,Prec,0.636834170854271,PF,2217.69839822897,2182.10526498047,2234.77577198707
EBA,Prec,0.641809045226131,PF,2217.67222621904,2182.08094559985,2234.7753806561
EBA,Prec,0.64678391959799,PF,2217.64561263982,2182.05564125386,2234.77455435837
EBA,Prec,0.651758793969849,PF,2217.61855573337,2182.0293421941,2234.77326207334
EBA,Prec,0.656733668341709,PF,2217.59105374178,2182.00203867216,2234.77147278043
EBA,Prec,0.661708542713568,PF,2217.56310490712,2181.97372093965,2234.7691554591
EBA,Prec,0.666683417085427,PF,2217.53470747144,2181.94437924815,2234.76627908878
EBA,Prec,0.671658291457287,PF,2217.50585967683,2181.91400384927,2234.76281264891
EBA,Prec,0.676633165829146,PF,2217.47656120006,2181.88258925433,2234.75873185744
EBA,Prec,0.681608040201005,PF,2217.44681745667,2181.85014701353,2234.75403938631
EBA,Prec,0.686582914572864,PF,2217.41663529694,2181.81669293682,2234.74874464599
EBA,Prec,0.691557788944724,PF,2217.3860215711,2181.78224283413,2234.74285704694
EBA,Prec,0.696532663316583,PF,2217.35498312942,2181.74681251539,2234.7363859996
EBA,Prec,0.701507537688442,PF,2217.32352682216,2181.71041779055,2234.72934091443
EBA,Prec,0.706482412060302,PF,2217.29165949956,2181.67307446954,2234.7217312019
EBA,Prec,0.711457286432161,PF,2217.25938801189,2181.63479836229,2234.71356627245
EBA,Prec,0.71643216080402,PF,2217.2267192094,2181.59560527875,2234.70485553654
EBA,Prec,0.721407035175879,PF,2217.19365994234,2181.55551102884,2234.69560840464
EBA,Prec,0.726381909547739,PF,2217.16021706097,2181.5145314225,2234.68583428719
EBA,Prec,0.731356783919598,PF,2217.12639741555,2181.47268226968,2234.67554259465
EBA,Prec,0.736331658291457,PF,2217.09220785634,2181.4299793803,2234.66474273747
EBA,Prec,0.741306532663317,PF,2217.05765523358,2181.3864385643,2234.65344412612
EBA,Prec,0.746281407035176,PF,2216.9935638715,2181.34207563162,2234.64165617105
EBA,Prec,0.751256281407035,PF,2216.90890046961,2181.2969063922,2234.62938828271
EBA,Prec,0.756231155778895,PF,2216.82106446312,2181.25094665596,2234.61664987157
EBA,Prec,0.761206030150754,PF,2216.73011930411,2181.20421223286,2234.60345034807
EBA,Prec,0.766180904522613,PF,2216.6361284447,2181.15671893282,2234.58979912268
EBA,Prec,0.771155778894472,PF,2216.53915533696,2181.10848256577,2234.57570560585
EBA,Prec,0.776130653266332,PF,2216.43926343298,2181.05951894166,2234.56117920804
EBA,Prec,0.781105527638191,PF,2216.33651618487,2181.00984387043,2234.5462293397
EBA,Prec,0.78608040201005,PF,2216.23097704471,2180.959473162,2234.53086541128
EBA,Prec,0.79105527638191,PF,2216.12270946459,2180.92020978104,2234.51509683325
EBA,Prec,0.796030150753769,PF,2216.01177689661,2180.90381670423,2234.49893301607
EBA,Prec,0.801005025125628,PF,2215.89824279285,2180.88838513658,2234.48238337018
EBA,Prec,0.805979899497488,PF,2215.78217060542,2180.87389162666,2234.46545730604
EBA,Prec,0.810954773869347,PF,2215.6636237864,2180.86031272302,2234.44816423411
EBA,Prec,0.815929648241206,PF,2215.54266578788,2180.84762497422,2234.43051356485
EBA,Prec,0.820904522613065,PF,2215.41936006196,2180.83580492881,2234.41251470871
EBA,Prec,0.825879396984925,PF,2215.29377006072,2180.82482913535,2234.44206237162
EBA,Prec,0.830854271356784,PF,2215.16595923627,2180.81467414241,2234.50894535213
EBA,Prec,0.835829145728643,PF,2215.03599104068,2180.80531649852,2234.57714094929
EBA,Prec,0.840804020100503,PF,2214.90392892606,2180.79673275226,2234.64661055673
EBA,Prec,0.845778894472362,PF,2214.7698363445,2180.78889945218,2234.71731556808
EBA,Prec,0.850753768844221,PF,2214.63377674808,2180.78179314683,2234.78921737695
EBA,Prec,0.85572864321608,PF,2214.4958135889,2180.77539038478,2234.86227737699
EBA,Prec,0.86070351758794,PF,2214.35601031906,2180.76966771458,2234.93645696181
EBA,Prec,0.865678391959799,PF,2214.21443039064,2180.76460168478,2235.01171752505
EBA,Prec,0.870653266331658,PF,2214.07113725573,2180.76016884394,2235.08802046034
EBA,Prec,0.875628140703518,PF,2213.92619436644,2180.75634574063,2235.1653271613
EBA,Prec,0.880603015075377,PF,2213.77966517484,2180.75310892339,2235.24359902155
EBA,Prec,0.885577889447236,PF,2213.63161313303,2180.75043494079,2235.32279743474
EBA,Prec,0.890552763819096,PF,2213.49556839634,2180.74830034138,2235.40288379448
EBA,Prec,0.895527638190955,PF,2213.42058978067,2180.72171102792,2235.48381949441
EBA,Prec,0.900502512562814,PF,2213.34498227909,2180.61259630188,2235.56556592815
EBA,Prec,0.905477386934673,PF,2213.26877583853,2180.50256074976,2235.64808448933
EBA,Prec,0.910452261306533,PF,2213.19200040595,2180.39165041285,2235.73133657158
EBA,Prec,0.915427135678392,PF,2213.1146859283,2180.27991133246,2235.81528356853
EBA,Prec,0.920402010050251,PF,2213.03686235252,2180.16738954989,2235.89988687379
EBA,Prec,0.925376884422111,PF,2212.95855962556,2180.05413110645,2235.98510788102
EBA,Prec,0.93035175879397,PF,2212.87980769438,2179.94018204344,2236.07090798382
EBA,Prec,0.935326633165829,PF,2212.80063650591,2179.82558840218,2236.15724857583
EBA,Prec,0.940301507537689,PF,2212.72107600712,2179.71039622395,2236.24409105067
EBA,Prec,0.945276381909548,PF,2212.64115614494,2179.59465155007,2236.33139680199
EBA,Prec,0.950251256281407,PF,2212.56090686633,2179.47840042184,2236.41912722339
EBA,Prec,0.955226130653266,PF,2212.48035811823,2179.36168888057,2236.50724370851
EBA,Prec,0.960201005025126,PF,2212.3995398476,2179.24456296755,2236.59570765098
EBA,Prec,0.965175879396985,PF,2212.31848200138,2179.1270687241,2236.68448044443
EBA,Prec,0.970150753768844,PF,2212.23721452651,2179.00925219152,2236.77352348248
EBA,Prec,0.975125628140704,PF,2212.15576736996,2178.89115941111,2236.86279815876
EBA,Prec,0.980100502512563,PF,2212.07417047866,2178.77283642418,2236.95226586691
EBA,Prec,0.985075376884422,PF,2211.99245379957,2178.65432927203,2237.04188800054
EBA,Prec,0.990050251256281,PF,2211.91064727964,2178.53568399597,2237.13162595329
EBA,Prec,0.995025125628141,PF,2211.8287808658,2178.4169466373,2237.22144111878
EBA,Prec,1,PF,2211.74688450502,2178.29816323732,2237.31129489064
EBA,Prec,0.01,SF_early,2216.78508583138,2181.74554204681,2235.50560229164
EBA,Prec,0.0149748743718593,SF_early,2216.84256033692,2181.85518069863,2235.53321670847
EBA,Prec,0.0199497487437186,SF_early,2216.90009887615,2181.96483096538,2235.56084064517
EBA,Prec,0.0249246231155779,SF_early,2216.95776548278,2182.07450446201,2235.58848362165
EBA,Prec,0.0298994974874372,SF_early,2217.01562419049,2182.18421280345,2235.61615515778
EBA,Prec,0.0348743718592965,SF_early,2217.07373903299,2182.29396760464,2235.64386477344
EBA,Prec,0.0398492462311558,SF_early,2217.13217404397,2182.40378048052,2235.67162198853
EBA,Prec,0.0448241206030151,SF_early,2217.19099325713,2182.51366304602,2235.69943632292
EBA,Prec,0.0497989949748744,SF_early,2217.25026070616,2182.62362691608,2235.72731729649
EBA,Prec,0.0547738693467337,SF_early,2217.31004042476,2182.73368370563,2235.75527442914
EBA,Prec,0.059748743718593,SF_early,2217.37039644663,2182.84384502963,2235.78331724075
EBA,Prec,0.0647236180904523,SF_early,2217.43139280546,2182.954122503,2235.81145525119
EBA,Prec,0.0696984924623116,SF_early,2217.49309353495,2183.06452774067,2235.83969798036
EBA,Prec,0.0746733668341709,SF_early,2217.5555626688,2183.1750723576,2235.86805494814
EBA,Prec,0.0796482412060302,SF_early,2217.61886424069,2183.2857679687,2235.89653567441
EBA,Prec,0.0846231155778894,SF_early,2217.68306228434,2183.39662618893,2235.92514967906
EBA,Prec,0.0895979899497487,SF_early,2217.74822083343,2183.50765863322,2235.95390648197
EBA,Prec,0.094572864321608,SF_early,2217.81440392166,2183.61887691651,2235.98281560302
EBA,Prec,0.0995477386934673,SF_early,2217.88167558272,2183.73029265373,2236.0118865621
EBA,Prec,0.104522613065327,SF_early,2217.95009985032,2183.84191745982,2236.04112887909
EBA,Prec,0.109497487437186,SF_early,2218.01974075815,2183.95376294971,2236.07055207388
EBA,Prec,0.114472361809045,SF_early,2218.0906623399,2184.06584073836,2236.10016566635
EBA,Prec,0.119447236180905,SF_early,2218.16292862928,2184.17816244068,2236.12997917639
EBA,Prec,0.124422110552764,SF_early,2218.23660365997,2184.29073967163,2236.16000212387
EBA,Prec,0.129396984924623,SF_early,2218.31175146568,2184.40358404613,2236.19024402869
EBA,Prec,0.134371859296482,SF_early,2218.38843608009,2184.51670717913,2236.22071441072
EBA,Prec,0.139346733668342,SF_early,2218.46672153692,2184.63012068555,2236.25142278986
EBA,Prec,0.144321608040201,SF_early,2218.54667186985,2184.74383618035,2236.35633732322
EBA,Prec,0.14929648241206,SF_early,2218.62835111257,2184.85786527846,2236.46182697788
EBA,Prec,0.15427135678392,SF_early,2218.7118232988,2184.9722195948,2236.56788295492
EBA,Prec,0.159246231155779,SF_early,2218.79715246221,2185.08691074433,2236.67452548013
EBA,Prec,0.164221105527638,SF_early,2218.88440263652,2185.20195034198,2236.78177477932
EBA,Prec,0.169195979899498,SF_early,2218.9736378554,2185.31735000268,2236.88965107828
EBA,Prec,0.174170854271357,SF_early,2219.06492215257,2185.43312134137,2236.99817460282
EBA,Prec,0.179145728643216,SF_early,2219.15831956172,2185.54927597299,2237.10736557872
EBA,Prec,0.184120603015075,SF_early,2219.25389411654,2185.66582551248,2237.2172442318
EBA,Prec,0.189095477386935,SF_early,2219.35170985072,2185.78278157478,2237.32783078785
EBA,Prec,0.194070351758794,SF_early,2219.45183079798,2185.90015577481,2237.43914547267
EBA,Prec,0.199045226130653,SF_early,2219.55432099199,2186.01795972753,2237.55120851206
EBA,Prec,0.204020100502513,SF_early,2219.65924446647,2186.13620504786,2237.66404013182
EBA,Prec,0.208994974874372,SF_early,2219.7666652551,2186.25490335074,2237.77766055774
EBA,Prec,0.213969849246231,SF_early,2219.87664739158,2186.37406625112,2237.89209001563
EBA,Prec,0.21894472361809,SF_early,2219.9892549096,2186.49370536392,2238.00734873129
EBA,Prec,0.22391959798995,SF_early,2220.10455184287,2186.61383230409,2238.12345693051
EBA,Prec,0.228894472361809,SF_early,2220.22260222508,2186.73445868656,2238.2404348391
EBA,Prec,0.233869346733668,SF_early,2220.34347008993,2186.85559612627,2238.35830268285
EBA,Prec,0.238844221105528,SF_early,2220.46721947111,2186.97725623815,2238.47708068756
EBA,Prec,0.243819095477387,SF_early,2220.59391440232,2187.09945063715,2238.59678907903
EBA,Prec,0.248793969849246,SF_early,2220.72361891725,2187.22219093821,2238.71744808307
EBA,Prec,0.253768844221106,SF_early,2220.8563970496,2187.34548875625,2238.83907792546
EBA,Prec,0.258743718592965,SF_early,2220.99231283307,2187.46935570621,2238.96169883201
EBA,Prec,0.263718592964824,SF_early,2221.13143030136,2187.59380340304,2239.08533102852
EBA,Prec,0.268693467336683,SF_early,2221.27381348815,2187.71884346168,2239.20999474079
EBA,Prec,0.273668341708543,SF_early,2221.41952642715,2187.84448749704,2239.33571019462
EBA,Prec,0.278643216080402,SF_early,2221.56863315205,2187.97074712409,2239.4624976158
EBA,Prec,0.283618090452261,SF_early,2221.72119769655,2188.09763395774,2239.59037723013
EBA,Prec,0.288592964824121,SF_early,2221.87728409435,2188.22515961295,2239.71936926342
EBA,Prec,0.29356783919598,SF_early,2222.03695637914,2188.35333570464,2239.84949394147
EBA,Prec,0.298542713567839,SF_early,2222.20027858461,2188.48217384776,2239.98077149006
EBA,Prec,0.303517587939699,SF_early,2222.36731474447,2188.61168565724,2240.11322213501
EBA,Prec,0.308492462311558,SF_early,2222.53812889241,2188.74188274801,2240.24686610211
EBA,Prec,0.313467336683417,SF_early,2222.71278506213,2188.87277673503,2240.38172361716
EBA,Prec,0.318442211055276,SF_early,2222.89134728732,2189.00437923321,2240.51781490595
EBA,Prec,0.323417085427136,SF_early,2223.07387960167,2189.13670185751,2240.6551601943
EBA,Prec,0.328391959798995,SF_early,2223.2604460389,2189.26975622285,2240.79377970799
EBA,Prec,0.333366834170854,SF_early,2223.45111063268,2189.40355394418,2240.914830851
EBA,Prec,0.338341708542714,SF_early,2223.64593741672,2189.53810663643,2240.94663218123
EBA,Prec,0.343316582914573,SF_early,2223.8449348079,2189.67340799162,2240.97594466238
EBA,Prec,0.348291457286432,SF_early,2224.04788875579,2189.80938001003,2241.00283550955
EBA,Prec,0.353266331658292,SF_early,2224.25452959318,2189.94592676906,2241.02739298663
EBA,Prec,0.358241206030151,SF_early,2224.46458765283,2190.04381415382,2241.04970535749
EBA,Prec,0.36321608040201,SF_early,2224.67779326751,2190.00666284274,2241.06986088602
EBA,Prec,0.368190954773869,SF_early,2224.89387676999,2189.96465835835,2241.08794783609
EBA,Prec,0.373165829145729,SF_early,2225.11256849304,2189.91797378015,2241.1040544716
EBA,Prec,0.378140703517588,SF_early,2225.33359876943,2189.86678218764,2241.11826905641
EBA,Prec,0.383115577889447,SF_early,2225.53397677867,2189.81125666033,2241.13067985442
EBA,Prec,0.388090452261307,SF_early,2225.71904797081,2189.75157027773,2241.1413751295
EBA,Prec,0.393065326633166,SF_early,2225.90580882506,2189.68789611936,2241.15044314553
EBA,Prec,0.398040201005025,SF_early,2226.09404560002,2189.62040726471,2241.1579721664
EBA,Prec,0.403015075376884,SF_early,2226.2835445543,2189.54927679329,2241.16405045599
EBA,Prec,0.407989949748744,SF_early,2226.4740919465,2189.47467778461,2241.22227195194
EBA,Prec,0.412964824120603,SF_early,2226.66547403525,2189.39678331818,2241.43688080216
EBA,Prec,0.417939698492462,SF_early,2226.85747707913,2189.3157664735,2241.65116166612
EBA,Prec,0.422914572864322,SF_early,2227.04988733678,2189.23180033009,2241.86488890781
EBA,Prec,0.427889447236181,SF_early,2227.24249106679,2189.14505796745,2242.07783689126
EBA,Prec,0.43286432160804,SF_early,2227.43507452777,2189.05571246509,2242.28977998047
EBA,Prec,0.437839195979899,SF_early,2227.62742397833,2188.96393690251,2242.50049253944
EBA,Prec,0.442814070351759,SF_early,2227.81932567708,2188.86990435922,2242.70974893219
EBA,Prec,0.447788944723618,SF_early,2228.01056588264,2188.77378791474,2242.91732352271
EBA,Prec,0.452763819095477,SF_early,2228.2009308536,2188.67576064856,2243.12299067502
EBA,Prec,0.457738693467337,SF_early,2228.39020684858,2188.5759956402,2243.32652475313
EBA,Prec,0.462713567839196,SF_early,2228.57818012618,2188.47466596916,2243.52770012105
EBA,Prec,0.467688442211055,SF_early,2228.76463694502,2188.37194471495,2243.72629114277
EBA,Prec,0.472663316582915,SF_early,2228.94936356371,2188.26800495707,2243.92207218231
EBA,Prec,0.477638190954774,SF_early,2229.00947637654,2188.16301977504,2244.11481760368
EBA,Prec,0.482613065326633,SF_early,2229.04433732931,2188.05716224837,2244.30803678342
EBA,Prec,0.487587939698492,SF_early,2229.07757603585,2187.95060545655,2244.60225324185
EBA,Prec,0.492562814070352,SF_early,2229.10918818289,2187.8435224791,2244.89520240031
EBA,Prec,0.497537688442211,SF_early,2229.1391694572,2187.73608639553,2245.18662811592
EBA,Prec,0.50251256281407,SF_early,2229.16751554552,2187.62847028533,2245.47627424582
EBA,Prec,0.50748743718593,SF_early,2229.19422213461,2187.52084722803,2245.76388464712
EBA,Prec,0.512462311557789,SF_early,2229.21928491122,2187.41339030312,2246.04920317697
EBA,Prec,0.517437185929648,SF_early,2229.2426995621,2187.30627259012,2246.33197369249
EBA,Prec,0.522412060301508,SF_early,2229.26446177401,2187.19966716853,2246.6119400508
EBA,Prec,0.527386934673367,SF_early,2229.28456723371,2187.09374711786,2246.88884610903
EBA,Prec,0.532361809045226,SF_early,2229.30301162794,2186.98868551762,2247.16243572432
EBA,Prec,0.537336683417085,SF_early,2229.31979064345,2186.88465544731,2247.43245275379
EBA,Prec,0.542311557788945,SF_early,2229.33489996701,2186.78182998644,2247.69864105457
EBA,Prec,0.547286432160804,SF_early,2229.34833528537,2186.68038221452,2247.96074448379
EBA,Prec,0.552261306532663,SF_early,2229.36009228527,2186.58048521105,2248.21850689857
EBA,Prec,0.557236180904523,SF_early,2229.37016665347,2186.48231205556,2248.47167215605
EBA,Prec,0.562211055276382,SF_early,2229.37855407672,2186.38603582753,2248.71998411336
EBA,Prec,0.567185929648241,SF_early,2229.38525024179,2186.29182960648,2248.96318662761
EBA,Prec,0.572160804020101,SF_early,2229.39025083541,2186.19986647192,2249.20102355595
EBA,Prec,0.57713567839196,SF_early,2229.39355154435,2186.11031950335,2249.43323875549
EBA,Prec,0.582110552763819,SF_early,2229.39514805536,2186.02336178028,2249.65957608338
EBA,Prec,0.587085427135679,SF_early,2229.39503605518,2185.93916638222,2249.87977939672
EBA,Prec,0.592060301507538,SF_early,2229.39321123058,2185.85790638868,2250.09359255266
EBA,Prec,0.597035175879397,SF_early,2229.38966926831,2185.77975487916,2250.30075940833
EBA,Prec,0.602010050251256,SF_early,2229.38440585512,2185.70488493317,2250.50102382084
EBA,Prec,0.606984924623116,SF_early,2229.37741667776,2185.63346963022,2250.69412964734
EBA,Prec,0.611959798994975,SF_early,2229.36373269522,2185.56568204982,2250.87982074494
EBA,Prec,0.616934673366834,SF_early,2229.2999434039,2185.50169527146,2251.05784097077
EBA,Prec,0.621909547738694,SF_early,2229.23533607469,2185.44168237467,2251.22793418197
EBA,Prec,0.626884422110553,SF_early,2229.16996141406,2185.38581643895,2251.38984423567
EBA,Prec,0.631859296482412,SF_early,2229.10387012845,2185.33427054381,2251.54331498898
EBA,Prec,0.636834170854271,SF_early,2229.03711292433,2185.28721776874,2251.68809029905
EBA,Prec,0.641809045226131,SF_early,2228.96974050816,2185.24483119327,2251.82391402299
EBA,Prec,0.64678391959799,SF_early,2228.90180358639,2185.2072838969,2251.95053001794
EBA,Prec,0.651758793969849,SF_early,2228.83335286548,2185.17474895913,2252.06768214102
EBA,Prec,0.656733668341709,SF_early,2228.7644390519,2185.14739945947,2252.17511424937
EBA,Prec,0.661708542713568,SF_early,2228.6951128521,2185.12540847744,2252.27257020011
EBA,Prec,0.666683417085427,SF_early,2228.62542497253,2185.10894909253,2252.35979385036
EBA,Prec,0.671658291457287,SF_early,2228.55542611966,2185.09819438425,2252.43652905727
EBA,Prec,0.676633165829146,SF_early,2228.48515920611,2185.09327374272,2252.50258950122
EBA,Prec,0.681608040201005,SF_early,2228.41463596915,2185.09414180042,2252.55806815572
EBA,Prec,0.686582914572864,SF_early,2228.34386035222,2185.10070950044,2252.60312781751
EBA,Prec,0.691557788944724,SF_early,2228.27283629876,2185.11288778587,2252.63793128336
EBA,Prec,0.696532663316583,SF_early,2228.20156775219,2185.13058759979,2252.66264135003
EBA,Prec,0.701507537688442,SF_early,2228.13005865597,2185.1537198853,2252.67742081428
EBA,Prec,0.706482412060302,SF_early,2228.05831295353,2185.18219558549,2252.68243247288
EBA,Prec,0.711457286432161,SF_early,2227.9863345883,2185.21592564344,2252.67783912258
EBA,Prec,0.71643216080402,SF_early,2227.91412750372,2185.25482100224,2252.66380356014
EBA,Prec,0.721407035175879,SF_early,2227.84169564323,2185.29879260499,2252.64048858233
EBA,Prec,0.726381909547739,SF_early,2227.76904295026,2185.34775139476,2252.6080569859
EBA,Prec,0.731356783919598,SF_early,2227.69617336826,2185.40160831466,2252.56667156762
EBA,Prec,0.736331658291457,SF_early,2227.62309084065,2185.46027430776,2252.51649512425
EBA,Prec,0.741306532663317,SF_early,2227.54979931088,2185.52366031716,2252.45141507596
EBA,Prec,0.746281407035176,SF_early,2227.47630272239,2185.59167728594,2252.34765209619
EBA,Prec,0.751256281407035,SF_early,2227.4026050186,2185.6642361572,2252.23599152527
EBA,Prec,0.756231155778895,SF_early,2227.24595029117,2185.74124787401,2252.11658821793
EBA,Prec,0.761206030150754,SF_early,2227.07708896014,2185.82262337949,2251.9895970289
EBA,Prec,0.766180904522613,SF_early,2226.90449378696,2185.9082736167,2251.85517281292
EBA,Prec,0.771155778894472,SF_early,2226.72824256002,2185.99810952874,2251.71347042469
EBA,Prec,0.776130653266332,SF_early,2226.54841306768,2186.09204205869,2251.56464471897
EBA,Prec,0.781105527638191,SF_early,2226.36508309833,2186.18998214966,2251.40885055047
EBA,Prec,0.78608040201005,SF_early,2226.17833044034,2186.29184074472,2251.24624277392
EBA,Prec,0.79105527638191,SF_early,2225.9882328821,2186.39752878696,2251.07697624405
EBA,Prec,0.796030150753769,SF_early,2225.79486821197,2186.50695721948,2250.90120581559
EBA,Prec,0.801005025125628,SF_early,2225.48948980512,2186.62003698535,2250.71908634327
EBA,Prec,0.805979899497488,SF_early,2225.0711551633,2186.73667902768,2250.53077268181
EBA,Prec,0.810954773869347,SF_early,2224.64464146482,2186.85679428955,2250.33641968595
EBA,Prec,0.815929648241206,SF_early,2224.21015842906,2186.98029371404,2250.13618221041
EBA,Prec,0.820904522613065,SF_early,2223.76791577544,2187.10708824425,2249.93021510992
EBA,Prec,0.825879396984925,SF_early,2223.31812322335,2187.23708882326,2249.71867323921
EBA,Prec,0.830854271356784,SF_early,2222.86099049219,2187.37020639417,2249.50171145301
EBA,Prec,0.835829145728643,SF_early,2222.52377531214,2187.50635190006,2249.27948460605
EBA,Prec,0.840804020100503,SF_early,2222.46666912127,2187.64543628403,2249.05214755305
EBA,Prec,0.845778894472362,SF_early,2222.40831511923,2187.78737048915,2248.81985514874
EBA,Prec,0.850753768844221,SF_early,2222.34875230013,2187.93206545852,2248.58276224785
EBA,Prec,0.85572864321608,SF_early,2222.28801965808,2188.0078143145,2248.34102370511
EBA,Prec,0.86070351758794,SF_early,2222.22615618716,2187.76118074966,2248.09479437525
EBA,Prec,0.865678391959799,SF_early,2222.16320088148,2187.51193723787,2247.84422911299
EBA,Prec,0.870653266331658,SF_early,2222.09919273513,2187.26017699154,2247.58948277307
EBA,Prec,0.875628140703518,SF_early,2222.03417074222,2187.00599322306,2247.33071021022
EBA,Prec,0.880603015075377,SF_early,2221.96817389684,2186.77372391334,2247.24144906682
EBA,Prec,0.885577889447236,SF_early,2222.03728140504,2186.83283405405,2247.41723419468
EBA,Prec,0.890552763819096,SF_early,2222.06459517898,2186.89227822885,2247.59409385938
EBA,Prec,0.895527638190955,SF_early,2222.09234231601,2186.95204191453,2247.77198134193
EBA,Prec,0.900502512562814,SF_early,2222.12050311783,2187.01211058786,2247.74126516584
EBA,Prec,0.905477386934673,SF_early,2222.1490578861,2187.07246972562,2247.66334380547
EBA,Prec,0.910452261306533,SF_early,2222.17798692251,2187.13310480459,2247.58378202759
EBA,Prec,0.915427135678392,SF_early,2222.18096605208,2187.19400130155,2247.50266616998
EBA,Prec,0.920402010050251,SF_early,2222.16496190617,2187.1446923799,2247.42008257039
EBA,Prec,0.925376884422111,SF_early,2222.14901469577,2186.73468800371,2247.33611756659
EBA,Prec,0.93035175879397,SF_early,2222.10972637941,2186.32240963516,2247.25085749634
EBA,Prec,0.935326633165829,SF_early,2221.89158076612,2185.90800887375,2247.16438869741
EBA,Prec,0.940301507537689,SF_early,2221.67240745235,2185.49163731896,2247.07679750755
EBA,Prec,0.945276381909548,SF_early,2221.45228549198,2185.07344657029,2246.98817026454
EBA,Prec,0.950251256281407,SF_early,2221.2312939389,2184.65358822722,2246.89859330614
EBA,Prec,0.955226130653266,SF_early,2221.00951184698,2184.23221388925,2246.8081529701
EBA,Prec,0.960201005025126,SF_early,2220.78701827012,2183.80947515587,2246.81450929112
EBA,Prec,0.965175879396985,SF_early,2220.56389226219,2183.38552362656,2247.03399792414
EBA,Prec,0.970150753768844,SF_early,2220.34021287708,2182.96051090082,2247.25395253806
EBA,Prec,0.975125628140704,SF_early,2220.11605916867,2182.53458857814,2247.47430656417
EBA,Prec,0.980100502512563,SF_early,2219.86561169698,2182.107908258,2247.69499343378
EBA,Prec,0.985075376884422,SF_early,2219.8554482683,2181.68062153991,2247.91594657819
EBA,Prec,0.990050251256281,SF_early,2219.84527622066,2181.25288002334,2248.1370994287
EBA,Prec,0.995025125628141,SF_early,2219.83509842704,2180.82483530779,2248.3583854166
EBA,Prec,1,SF_early,2219.82491776042,2180.39663899275,2248.57973797321
EBA,Prec,0.01,SF_intermediate,2210.88247032927,2177.58579231103,2234.49406360566
EBA,Prec,0.0149748743718593,SF_intermediate,2210.75149124683,2177.63431216434,2234.25916644917
EBA,Prec,0.0199497487437186,SF_intermediate,2210.71906200007,2177.68277605558,2234.02437387744
EBA,Prec,0.0249246231155779,SF_intermediate,2210.68667701204,2177.73112802267,2233.78979047523
EBA,Prec,0.0298994974874372,SF_intermediate,2210.65435841212,2177.77931210355,2233.55552082728
EBA,Prec,0.0348743718592965,SF_intermediate,2210.62212832966,2177.82727233615,2233.32166951835
EBA,Prec,0.0398492462311558,SF_intermediate,2210.59000889404,2177.87495275838,2233.0883411332
EBA,Prec,0.0448241206030151,SF_intermediate,2210.55802223462,2177.92229740819,2232.85564025658
EBA,Prec,0.0497989949748744,SF_intermediate,2210.52619048077,2177.9692503235,2232.62367147324
EBA,Prec,0.0547738693467337,SF_intermediate,2210.49453576186,2178.01575554225,2232.39253936795
EBA,Prec,0.059748743718593,SF_intermediate,2210.46308020725,2178.06175710234,2232.16234852546
EBA,Prec,0.0647236180904523,SF_intermediate,2210.43184594632,2178.10719904173,2231.93320353053
EBA,Prec,0.0696984924623116,SF_intermediate,2210.40085510842,2178.15202539833,2231.7052089679
EBA,Prec,0.0746733668341709,SF_intermediate,2210.37012982292,2178.19618021008,2231.47846942234
EBA,Prec,0.0796482412060302,SF_intermediate,2210.3396922192,2178.2396075149,2231.29338290334
EBA,Prec,0.0846231155778894,SF_intermediate,2210.30544238901,2178.28225135072,2231.22539378278
EBA,Prec,0.0895979899497487,SF_intermediate,2210.2115226415,2178.32405575547,2231.15717955041
EBA,Prec,0.094572864321608,SF_intermediate,2210.11850984852,2178.36496476709,2231.08872519879
EBA,Prec,0.0995477386934673,SF_intermediate,2210.02646069472,2178.40492242349,2231.02001572045
EBA,Prec,0.104522613065327,SF_intermediate,2209.93543186476,2178.4438727626,2230.95103610794
EBA,Prec,0.109497487437186,SF_intermediate,2209.8454800433,2178.48175982236,2230.88177135381
EBA,Prec,0.114472361809045,SF_intermediate,2209.756661915,2178.5185276407,2230.8122064506
EBA,Prec,0.119447236180905,SF_intermediate,2209.66903416452,2178.55412025554,2230.74232639087
EBA,Prec,0.124422110552764,SF_intermediate,2209.5826534765,2178.58848170481,2230.67211616715
EBA,Prec,0.129396984924623,SF_intermediate,2209.49757653562,2178.62155602644,2230.60156077199
EBA,Prec,0.134371859296482,SF_intermediate,2209.41386002652,2178.65328725836,2230.53064519794
EBA,Prec,0.139346733668342,SF_intermediate,2209.33156063387,2178.6836194385,2230.45935443755
EBA,Prec,0.144321608040201,SF_intermediate,2209.25073504232,2178.66659499186,2230.38767348336
EBA,Prec,0.14929648241206,SF_intermediate,2209.17143993654,2178.60919057097,2230.31558732792
EBA,Prec,0.15427135678392,SF_intermediate,2209.09373200117,2178.55291793805,2230.24308096378
EBA,Prec,0.159246231155779,SF_intermediate,2209.01766792088,2178.4978175141,2230.167637701
EBA,Prec,0.164221105527638,SF_intermediate,2208.95000244067,2178.44392972012,2230.05415072628
EBA,Prec,0.169195979899498,SF_intermediate,2208.9691440708,2178.39129497711,2229.94092563882
EBA,Prec,0.174170854271357,SF_intermediate,2208.98854053012,2178.33995370607,2229.8279708866
EBA,Prec,0.179145728643216,SF_intermediate,2209.00819978205,2178.28994632799,2229.7152949176
EBA,Prec,0.184120603015075,SF_intermediate,2209.02812978999,2178.24131326389,2229.6029061798
EBA,Prec,0.189095477386935,SF_intermediate,2209.04833851735,2178.19409493475,2229.49081312117
EBA,Prec,0.194070351758794,SF_intermediate,2209.06883392756,2178.14833176157,2229.37902418968
EBA,Prec,0.199045226130653,SF_intermediate,2209.08962398401,2178.10406416536,2229.26754783332
EBA,Prec,0.204020100502513,SF_intermediate,2209.11071665013,2178.06133256711,2229.15639250005
EBA,Prec,0.208994974874372,SF_intermediate,2209.13211988932,2178.02017738782,2229.04556663787
EBA,Prec,0.213969849246231,SF_intermediate,2209.14949980931,2177.98063904849,2228.93507869473
EBA,Prec,0.21894472361809,SF_intermediate,2209.13288168694,2177.94275797013,2228.82493711863
EBA,Prec,0.22391959798995,SF_intermediate,2209.11759260076,2177.90657457372,2228.71515035753
EBA,Prec,0.228894472361809,SF_intermediate,2209.10366419447,2177.87212928027,2228.60572685941
EBA,Prec,0.233869346733668,SF_intermediate,2209.0911281118,2177.83946251077,2228.49667507224
EBA,Prec,0.238844221105528,SF_intermediate,2209.08001599647,2177.80861468624,2228.38800344401
EBA,Prec,0.243819095477387,SF_intermediate,2209.07035949219,2177.77962622765,2228.2797204227
EBA,Prec,0.248793969849246,SF_intermediate,2209.06219024268,2177.75253755603,2228.17183445626
EBA,Prec,0.253768844221106,SF_intermediate,2209.05553989166,2177.72738909235,2228.0643539927
EBA,Prec,0.258743718592965,SF_intermediate,2209.05044008286,2177.70422125763,2227.95728747997
EBA,Prec,0.263718592964824,SF_intermediate,2209.04692245998,2177.68307447286,2227.85064336605
EBA,Prec,0.268693467336683,SF_intermediate,2209.04501866675,2177.66398915903,2227.74443009893
EBA,Prec,0.273668341708543,SF_intermediate,2209.04476034689,2177.64700573716,2227.63865612657
EBA,Prec,0.278643216080402,SF_intermediate,2209.04617914411,2177.63216462824,2227.53332989696
EBA,Prec,0.283618090452261,SF_intermediate,2209.04930670214,2177.61950625326,2227.42845985807
EBA,Prec,0.288592964824121,SF_intermediate,2209.05417466468,2177.60907103323,2227.32405445788
EBA,Prec,0.29356783919598,SF_intermediate,2209.06081467547,2177.60089938914,2227.22012214436
EBA,Prec,0.298542713567839,SF_intermediate,2209.06925837821,2177.595031742,2227.11667136549
EBA,Prec,0.303517587939699,SF_intermediate,2209.07953741664,2177.5915085128,2227.01371056924
EBA,Prec,0.308492462311558,SF_intermediate,2209.09168343445,2177.59037012254,2226.9112482036
EBA,Prec,0.313467336683417,SF_intermediate,2209.10572807539,2177.59165699223,2226.85458829022
EBA,Prec,0.318442211055276,SF_intermediate,2209.12170298315,2177.59540954285,2226.90017081779
EBA,Prec,0.323417085427136,SF_intermediate,2209.13963980147,2177.60166819542,2226.94637762542
EBA,Prec,0.328391959798995,SF_intermediate,2209.15957017406,2177.61047337092,2226.99321878213
EBA,Prec,0.333366834170854,SF_intermediate,2209.18152574464,2177.55302407361,2227.04070435697
EBA,Prec,0.338341708542714,SF_intermediate,2209.20553815692,2177.47906102939,2227.08884441896
EBA,Prec,0.343316582914573,SF_intermediate,2209.23160630737,2177.40452533623,2227.13762462296
EBA,Prec,0.348291457286432,SF_intermediate,2209.25959810343,2177.3294282279,2227.18693296709
EBA,Prec,0.353266331658292,SF_intermediate,2209.28934870528,2177.25378493232,2227.23663303529
EBA,Prec,0.358241206030151,SF_intermediate,2209.3206932731,2177.17761067739,2227.24388669931
EBA,Prec,0.36321608040201,SF_intermediate,2209.35346696707,2177.10092069103,2227.19637250522
EBA,Prec,0.368190954773869,SF_intermediate,2209.38750494737,2177.02373020115,2227.14786604475
EBA,Prec,0.373165829145729,SF_intermediate,2209.42264237418,2176.94605443568,2227.09835884655
EBA,Prec,0.378140703517588,SF_intermediate,2209.45871440768,2176.86790862252,2227.04784243928
EBA,Prec,0.383115577889447,SF_intermediate,2209.49555620806,2176.78930798959,2226.99630835158
EBA,Prec,0.388090452261307,SF_intermediate,2209.53300293549,2176.71026776481,2226.9437481121
EBA,Prec,0.393065326633166,SF_intermediate,2209.57088975016,2176.63080317608,2226.8901532495
EBA,Prec,0.398040201005025,SF_intermediate,2209.60905181225,2176.55092945133,2226.83551529242
EBA,Prec,0.403015075376884,SF_intermediate,2209.64732428193,2176.47066181847,2226.77982576952
EBA,Prec,0.407989949748744,SF_intermediate,2209.6855423194,2176.39001550541,2226.72307620944
EBA,Prec,0.412964824120603,SF_intermediate,2209.72354108482,2176.30900574007,2226.66525814084
EBA,Prec,0.417939698492462,SF_intermediate,2209.76115573838,2176.22764775036,2226.60636309237
EBA,Prec,0.422914572864322,SF_intermediate,2209.79822144027,2176.1459567642,2226.54638259267
EBA,Prec,0.427889447236181,SF_intermediate,2209.83457335066,2176.0639480095,2226.4853081704
EBA,Prec,0.43286432160804,SF_intermediate,2209.87004662974,2175.98163671418,2226.42313135421
EBA,Prec,0.437839195979899,SF_intermediate,2209.90447643768,2175.89903810616,2226.35984367275
EBA,Prec,0.442814070351759,SF_intermediate,2209.93769793466,2175.81616741333,2226.38894364203
EBA,Prec,0.447788944723618,SF_intermediate,2209.96954628087,2175.69863891552,2226.5174660778
EBA,Prec,0.452763819095477,SF_intermediate,2209.9998566365,2175.55631082939,2226.64631070893
EBA,Prec,0.457738693467337,SF_intermediate,2210.0284641617,2175.41157310994,2226.77517658174
EBA,Prec,0.462713567839196,SF_intermediate,2210.05520401669,2175.26448157732,2226.90376274255
EBA,Prec,0.467688442211055,SF_intermediate,2210.07991136162,2175.11509205169,2227.03176823769
EBA,Prec,0.472663316582915,SF_intermediate,2210.10242135668,2174.96346035319,2227.15889211349
EBA,Prec,0.477638190954774,SF_intermediate,2210.12256916206,2174.80964230196,2227.28483341627
EBA,Prec,0.482613065326633,SF_intermediate,2210.13779836079,2174.65369371817,2227.40929119236
EBA,Prec,0.487587939698492,SF_intermediate,2210.14867018624,2174.49567042194,2227.53196448809
EBA,Prec,0.492562814070352,SF_intermediate,2210.15811674904,2174.33562823344,2227.65255234978
EBA,Prec,0.497537688442211,SF_intermediate,2210.16601435107,2174.17362297281,2227.77075382376
EBA,Prec,0.50251256281407,SF_intermediate,2210.17223929423,2174.00971046019,2227.88626795636
EBA,Prec,0.50748743718593,SF_intermediate,2210.17666788041,2173.84394651574,2227.99879379389
EBA,Prec,0.512462311557789,SF_intermediate,2210.17917641151,2173.67638695959,2228.1080303827
EBA,Prec,0.517437185929648,SF_intermediate,2210.17893199808,2173.50708761191,2228.21367676909
EBA,Prec,0.522412060301508,SF_intermediate,2210.17040230442,2173.33610429283,2228.31543199941
EBA,Prec,0.527386934673367,SF_intermediate,2210.15786202288,2173.1634928225,2228.41299511997
EBA,Prec,0.532361809045226,SF_intermediate,2210.14114631365,2172.98930902108,2228.50606517711
EBA,Prec,0.537336683417085,SF_intermediate,2210.12009033691,2172.81360870871,2228.59434121714
EBA,Prec,0.542311557788945,SF_intermediate,2210.09452925283,2172.63644770553,2228.6775222864
EBA,Prec,0.547286432160804,SF_intermediate,2210.0642982216,2172.45788183169,2228.75530743121
EBA,Prec,0.552261306532663,SF_intermediate,2210.0292324034,2172.27796690735,2228.8273956979
EBA,Prec,0.557236180904523,SF_intermediate,2209.98916695841,2172.09675875265,2228.89348613279
EBA,Prec,0.562211055276382,SF_intermediate,2209.9439370468,2171.91431318773,2228.95327778221
EBA,Prec,0.567185929648241,SF_intermediate,2209.89337782877,2171.73068603275,2229.00646969249
EBA,Prec,0.572160804020101,SF_intermediate,2209.83732446449,2171.54593310785,2229.05276090994
EBA,Prec,0.57713567839196,SF_intermediate,2209.77482045893,2171.36011023317,2229.09185048091
EBA,Prec,0.582110552763819,SF_intermediate,2209.69531912931,2171.17327322888,2229.12343745171
EBA,Prec,0.587085427135679,SF_intermediate,2209.66817666612,2170.98547791511,2229.14722086868
EBA,Prec,0.592060301507538,SF_intermediate,2209.63518244771,2170.79678011201,2229.16289977813
EBA,Prec,0.597035175879397,SF_intermediate,2209.59614461522,2170.60723563973,2229.17017322639
EBA,Prec,0.602010050251256,SF_intermediate,2209.5508713098,2170.41690031841,2229.16874025979
EBA,Prec,0.606984924623116,SF_intermediate,2209.49917067259,2170.22582996821,2229.15829992466
EBA,Prec,0.611959798994975,SF_intermediate,2209.44085084475,2170.03408040928,2229.13855126732
EBA,Prec,0.616934673366834,SF_intermediate,2209.37571996743,2169.84170746175,2229.06721419011
EBA,Prec,0.621909547738694,SF_intermediate,2209.30358618176,2169.64876694578,2228.96244971284
EBA,Prec,0.626884422110553,SF_intermediate,2209.22425762889,2169.45531468151,2228.84724433599
EBA,Prec,0.631859296482412,SF_intermediate,2209.13754244998,2169.2614064891,2228.72135070193
EBA,Prec,0.636834170854271,SF_intermediate,2209.04324878616,2169.06709818868,2228.58452145305
EBA,Prec,0.641809045226131,SF_intermediate,2208.9411847786,2168.87244560042,2228.4365092317
EBA,Prec,0.64678391959799,SF_intermediate,2208.83115856843,2168.67750454444,2228.27706668025
EBA,Prec,0.651758793969849,SF_intermediate,2208.71297829679,2168.48233084091,2228.10594644109
EBA,Prec,0.656733668341709,SF_intermediate,2208.58645210485,2168.28698030997,2227.92290115658
EBA,Prec,0.661708542713568,SF_intermediate,2208.45138813374,2168.09150877177,2227.72768346908
EBA,Prec,0.666683417085427,SF_intermediate,2208.30759452462,2167.89716399957,2227.52004602098
EBA,Prec,0.671658291457287,SF_intermediate,2208.15487941862,2167.76373626315,2227.29974145465
EBA,Prec,0.676633165829146,SF_intermediate,2207.9931059469,2167.62903378011,2227.06659625102
EBA,Prec,0.681608040201005,SF_intermediate,2207.82235720061,2167.4930716876,2226.82073224541
EBA,Prec,0.686582914572864,SF_intermediate,2207.64277126089,2167.35586936422,2226.56234511169
EBA,Prec,0.691557788944724,SF_intermediate,2207.45448620888,2167.21744618858,2226.29163052373
EBA,Prec,0.696532663316583,SF_intermediate,2207.25764012575,2167.07782153929,2226.00878415541
EBA,Prec,0.701507537688442,SF_intermediate,2207.05237109262,2166.93701479495,2225.7140016806
EBA,Prec,0.706482412060302,SF_intermediate,2206.83881719066,2166.79504533417,2225.40747877319
EBA,Prec,0.711457286432161,SF_intermediate,2206.617116501,2166.65193253556,2225.08941110706
EBA,Prec,0.71643216080402,SF_intermediate,2206.3874071048,2166.50769577773,2224.75999435606
EBA,Prec,0.721407035175879,SF_intermediate,2206.14982708321,2166.36235443928,2224.4194241941
EBA,Prec,0.726381909547739,SF_intermediate,2205.90451451736,2166.21592789881,2224.06789629503
EBA,Prec,0.731356783919598,SF_intermediate,2205.65160748841,2166.06843553495,2223.70560633274
EBA,Prec,0.736331658291457,SF_intermediate,2205.33541198339,2165.91989672629,2223.33274998111
EBA,Prec,0.741306532663317,SF_intermediate,2204.97297200787,2165.77033085144,2222.949522914
EBA,Prec,0.746281407035176,SF_intermediate,2204.60229954332,2165.61975728901,2222.55612080531
EBA,Prec,0.751256281407035,SF_intermediate,2204.22355290683,2165.46819541761,2222.1527393289
EBA,Prec,0.756231155778895,SF_intermediate,2203.8368904155,2165.31566461585,2221.73957415865
EBA,Prec,0.761206030150754,SF_intermediate,2203.44247038642,2165.16218426232,2221.31682096844
EBA,Prec,0.766180904522613,SF_intermediate,2203.0404511367,2165.00777373564,2220.88467543214
EBA,Prec,0.771155778894472,SF_intermediate,2202.63099098343,2164.85245241442,2220.44333322364
EBA,Prec,0.776130653266332,SF_intermediate,2202.2142482437,2164.69623967727,2220.3036097877
EBA,Prec,0.781105527638191,SF_intermediate,2201.79038123462,2164.53915490278,2220.18698656228
EBA,Prec,0.78608040201005,SF_intermediate,2201.35954827327,2164.38121746957,2220.06922691071
EBA,Prec,0.79105527638191,SF_intermediate,2200.92190767676,2164.22244675625,2219.95035666086
EBA,Prec,0.796030150753769,SF_intermediate,2200.47761776219,2164.06286214142,2219.8304016406
EBA,Prec,0.801005025125628,SF_intermediate,2200.02683684665,2163.90248300369,2219.70938767778
EBA,Prec,0.805979899497488,SF_intermediate,2199.56972324723,2163.74132872166,2219.58734060029
EBA,Prec,0.810954773869347,SF_intermediate,2199.10643528104,2163.57941867395,2219.46428623598
EBA,Prec,0.815929648241206,SF_intermediate,2198.63713126517,2163.41677223917,2219.34025041272
EBA,Prec,0.820904522613065,SF_intermediate,2198.21859389372,2163.25340879591,2219.21525895838
EBA,Prec,0.825879396984925,SF_intermediate,2197.83990814018,2162.95571209726,2219.08933770083
EBA,Prec,0.830854271356784,SF_intermediate,2197.45722940123,2162.46347517367,2218.91573962183
EBA,Prec,0.835829145728643,SF_intermediate,2197.07067176215,2161.96646820849,2218.58794369427
EBA,Prec,0.840804020100503,SF_intermediate,2196.68034930824,2161.46483149708,2218.25566341023
EBA,Prec,0.845778894472362,SF_intermediate,2196.28637612481,2160.95870533476,2217.9190346593
EBA,Prec,0.850753768844221,SF_intermediate,2195.88886629715,2160.44823001689,2217.57819333107
EBA,Prec,0.85572864321608,SF_intermediate,2195.48793391056,2159.9335458388,2217.23327531513
EBA,Prec,0.86070351758794,SF_intermediate,2195.08369305033,2159.41479309583,2216.88441650106
EBA,Prec,0.865678391959799,SF_intermediate,2194.67625780176,2159.01747032459,2216.53175277847
EBA,Prec,0.870653266331658,SF_intermediate,2194.26574225016,2158.68780966728,2216.17542003693
EBA,Prec,0.875628140703518,SF_intermediate,2193.85226048081,2158.35697482055,2215.81555416605
EBA,Prec,0.880603015075377,SF_intermediate,2193.43592657902,2158.02501094552,2215.4522910554
EBA,Prec,0.885577889447236,SF_intermediate,2193.01685463009,2157.69196320333,2215.19419970254
EBA,Prec,0.890552763819096,SF_intermediate,2192.5951587193,2157.35787675511,2215.0738659974
EBA,Prec,0.895527638190955,SF_intermediate,2192.17095293197,2157.022796762,2214.95331954336
EBA,Prec,0.900502512562814,SF_intermediate,2191.74435135338,2156.68676838511,2214.83257001082
EBA,Prec,0.905477386934673,SF_intermediate,2191.31546806884,2156.3498367856,2214.71162707019
EBA,Prec,0.910452261306533,SF_intermediate,2190.88441716364,2156.01204712457,2214.59050039187
EBA,Prec,0.915427135678392,SF_intermediate,2190.45131272308,2155.67344456318,2214.46919964627
EBA,Prec,0.920402010050251,SF_intermediate,2190.01626883247,2155.33407426255,2214.3477345038
EBA,Prec,0.925376884422111,SF_intermediate,2189.57939957708,2154.99398138381,2214.22611463485
EBA,Prec,0.93035175879397,SF_intermediate,2189.1315307025,2154.65321108809,2214.10434970983
EBA,Prec,0.935326633165829,SF_intermediate,2188.63102256271,2154.31180853653,2213.98244939915
EBA,Prec,0.940301507537689,SF_intermediate,2188.12878823104,2153.96981889026,2213.86042337321
EBA,Prec,0.945276381909548,SF_intermediate,2187.62496049149,2153.62728731041,2213.73828130242
EBA,Prec,0.950251256281407,SF_intermediate,2187.11967212804,2153.28425895811,2213.61603285718
EBA,Prec,0.955226130653266,SF_intermediate,2186.61305592468,2152.94077899449,2213.49368770789
EBA,Prec,0.960201005025126,SF_intermediate,2186.10524466541,2152.59689258068,2213.37125552496
EBA,Prec,0.965175879396985,SF_intermediate,2185.59637113421,2152.25264487782,2213.24874597879
EBA,Prec,0.970150753768844,SF_intermediate,2185.08656811508,2151.90808104704,2213.12616873979
EBA,Prec,0.975125628140704,SF_intermediate,2184.57596839201,2151.56324624947,2213.00353347837
EBA,Prec,0.980100502512563,SF_intermediate,2184.06470474898,2151.21818564624,2212.88084986492
EBA,Prec,0.985075376884422,SF_intermediate,2183.55290997,2150.87294439848,2212.75812756985
EBA,Prec,0.990050251256281,SF_intermediate,2183.04071683904,2150.52756766732,2212.63537626357
EBA,Prec,0.995025125628141,SF_intermediate,2182.5848411435,2150.18210061391,2212.51260561649
EBA,Prec,1,SF_intermediate,2182.16449593203,2149.83658839936,2212.38982529899
EBA,Prec,0.01,SF_advanced,2226.26775631365,2185.99314215954,2246.19910340921
EBA,Prec,0.0149748743718593,SF_advanced,2226.2567170008,2186.15324487043,2246.106249107
EBA,Prec,0.0199497487437186,SF_advanced,2226.24568761393,2186.31324562853,2246.01338621607
EBA,Prec,0.0249246231155779,SF_advanced,2226.23467807905,2186.47304248106,2245.92050614772
EBA,Prec,0.0298994974874372,SF_advanced,2226.15742325643,2186.63253347522,2245.82760031322
EBA,Prec,0.0348743718592965,SF_advanced,2225.9876834681,2186.79161665823,2245.73466012386
EBA,Prec,0.0398492462311558,SF_advanced,2225.81834847082,2186.95019007729,2245.64167699092
EBA,Prec,0.0448241206030151,SF_advanced,2225.6494992228,2187.10815177962,2245.5486423257
EBA,Prec,0.0497989949748744,SF_advanced,2225.48121668225,2187.26539981243,2245.45554753947
EBA,Prec,0.0547738693467337,SF_advanced,2225.31358180737,2187.42183222293,2245.36238404353
EBA,Prec,0.059748743718593,SF_advanced,2225.2796720375,2187.57734705834,2245.26914324915
EBA,Prec,0.0647236180904523,SF_advanced,2225.30470937859,2187.73184236586,2245.17581656762
EBA,Prec,0.0696984924623116,SF_advanced,2225.32950782774,2187.8852161927,2245.08239541024
EBA,Prec,0.0746733668341709,SF_advanced,2225.35404566751,2188.03736658608,2244.98887118827
EBA,Prec,0.0796482412060302,SF_advanced,2225.37830118044,2188.18819159321,2244.89523531302
EBA,Prec,0.0846231155778894,SF_advanced,2225.40225264909,2188.11675577994,2244.80147919575
EBA,Prec,0.0895979899497487,SF_advanced,2225.425878356,2188.02375946207,2244.70759424777
EBA,Prec,0.094572864321608,SF_advanced,2225.44915658373,2187.93139864852,2244.61357188035
EBA,Prec,0.0995477386934673,SF_advanced,2225.3226907697,2187.83971305829,2244.51940350477
EBA,Prec,0.104522613065327,SF_advanced,2225.14169953477,2187.74874241042,2244.42508053233
EBA,Prec,0.109497487437186,SF_advanced,2224.96224362442,2187.65852642392,2244.33059437432
EBA,Prec,0.114472361809045,SF_advanced,2224.78440384521,2187.56910481781,2244.235936442
EBA,Prec,0.119447236180905,SF_advanced,2224.60826100368,2187.48051731111,2244.14109814668
EBA,Prec,0.124422110552764,SF_advanced,2224.4338959064,2187.39280362283,2244.04607089963
EBA,Prec,0.129396984924623,SF_advanced,2224.26138935993,2187.30600347201,2243.95084611214
EBA,Prec,0.134371859296482,SF_advanced,2224.09082217082,2187.22015657765,2243.85541519549
EBA,Prec,0.139346733668342,SF_advanced,2223.92227514562,2187.13530265878,2243.75976956098
EBA,Prec,0.144321608040201,SF_advanced,2223.7558290909,2187.05148143441,2243.66390061988
EBA,Prec,0.14929648241206,SF_advanced,2223.59156481321,2186.96873262358,2243.56779978349
EBA,Prec,0.15427135678392,SF_advanced,2223.4295631191,2186.88709594528,2243.47145846308
EBA,Prec,0.159246231155779,SF_advanced,2223.26990481514,2186.80661111856,2243.37486806994
EBA,Prec,0.164221105527638,SF_advanced,2223.11267070788,2186.72731786242,2243.27802001536
EBA,Prec,0.169195979899498,SF_advanced,2222.95794160388,2186.64925589588,2243.18090571062
EBA,Prec,0.174170854271357,SF_advanced,2222.80579830969,2186.57246493797,2243.08351656701
EBA,Prec,0.179145728643216,SF_advanced,2222.65632163188,2186.4969847077,2242.98584399581
EBA,Prec,0.184120603015075,SF_advanced,2222.50959237699,2186.42285492409,2242.88787940831
EBA,Prec,0.189095477386935,SF_advanced,2222.36569135158,2186.35011530616,2242.78961421579
EBA,Prec,0.194070351758794,SF_advanced,2222.22469936222,2186.27880557294,2242.93268429407
EBA,Prec,0.199045226130653,SF_advanced,2222.08669721545,2186.20896544344,2243.10256069323
EBA,Prec,0.204020100502513,SF_advanced,2221.95176571784,2186.14063463668,2243.26731825932
EBA,Prec,0.208994974874372,SF_advanced,2221.81998567593,2186.11572772226,2243.42682228619
EBA,Prec,0.213969849246231,SF_advanced,2221.6914378963,2186.14495667932,2243.58093806772
EBA,Prec,0.21894472361809,SF_advanced,2221.56620318549,2186.1730206216,2243.71929524951
EBA,Prec,0.22391959798995,SF_advanced,2221.44436235006,2186.19989113409,2243.7353604768
EBA,Prec,0.228894472361809,SF_advanced,2221.32599619657,2186.22553980181,2243.74929313506
EBA,Prec,0.233869346733668,SF_advanced,2221.21118553157,2186.24993820975,2243.76104362966
EBA,Prec,0.238844221105528,SF_advanced,2221.10001116163,2186.27305794293,2243.77056236596
EBA,Prec,0.243819095477387,SF_advanced,2221.09870617231,2186.29487058634,2243.77779974933
EBA,Prec,0.248793969849246,SF_advanced,2221.16049604452,2186.315347725,2243.78270618516
EBA,Prec,0.253768844221106,SF_advanced,2221.22200842452,2186.3344609439,2243.7852320788
EBA,Prec,0.258743718592965,SF_advanced,2221.25004713163,2186.35218182806,2243.78532783563
EBA,Prec,0.263718592964824,SF_advanced,2221.21218008879,2186.36848196247,2243.78294386103
EBA,Prec,0.268693467336683,SF_advanced,2221.17458825368,2186.38333293215,2243.77803056036
EBA,Prec,0.273668341708543,SF_advanced,2221.13727702255,2186.39670632209,2243.77053833899
EBA,Prec,0.278643216080402,SF_advanced,2221.10025179163,2186.40857371732,2243.76041760229
EBA,Prec,0.283618090452261,SF_advanced,2221.06351795714,2186.41890670281,2243.74761875565
EBA,Prec,0.288592964824121,SF_advanced,2221.02708091532,2186.4276768636,2243.73209220442
EBA,Prec,0.29356783919598,SF_advanced,2220.99094606239,2186.43485578467,2243.71378835398
EBA,Prec,0.298542713567839,SF_advanced,2220.95511879459,2186.44041505104,2243.6926576097
EBA,Prec,0.303517587939699,SF_advanced,2220.91960450814,2186.4443262477,2243.66865037695
EBA,Prec,0.308492462311558,SF_advanced,2220.88440859929,2186.44656095967,2243.64171706111
EBA,Prec,0.313467336683417,SF_advanced,2220.84953646425,2186.44709077196,2243.61180806754
EBA,Prec,0.318442211055276,SF_advanced,2220.81499349925,2186.44588726955,2243.57887380161
EBA,Prec,0.323417085427136,SF_advanced,2220.78078510054,2186.44292203747,2243.5428646687
EBA,Prec,0.328391959798995,SF_advanced,2220.74691666433,2186.43816666071,2243.50373107418
EBA,Prec,0.333366834170854,SF_advanced,2220.71339358686,2186.43159272428,2243.46142342342
EBA,Prec,0.338341708542714,SF_advanced,2220.68022126436,2186.42317181319,2243.41589212178
EBA,Prec,0.343316582914573,SF_advanced,2220.64741894337,2186.41290214934,2243.36712651851
EBA,Prec,0.348291457286432,SF_advanced,2220.61506127164,2186.40088850229,2243.31527173828
EBA,Prec,0.353266331658292,SF_advanced,2220.58323674725,2186.38726227849,2243.26051184963
EBA,Prec,0.358241206030151,SF_advanced,2220.55203386825,2186.37215488437,2243.2030309211
EBA,Prec,0.36321608040201,SF_advanced,2220.52154113272,2186.35569772641,2243.14301302123
EBA,Prec,0.368190954773869,SF_advanced,2220.49184703873,2186.33802221104,2243.08064221855
EBA,Prec,0.373165829145729,SF_advanced,2220.46304008434,2186.31925974473,2243.01610258161
EBA,Prec,0.378140703517588,SF_advanced,2220.43520876762,2186.29954173392,2242.94957817894
EBA,Prec,0.383115577889447,SF_advanced,2220.40844158664,2186.27899958506,2242.88125307909
EBA,Prec,0.388090452261307,SF_advanced,2220.38282703946,2186.2577647046,2242.81131135059
EBA,Prec,0.393065326633166,SF_advanced,2220.35845362415,2186.235968499,2242.73993706199
EBA,Prec,0.398040201005025,SF_advanced,2220.33540983879,2186.21374237472,2242.66731428181
EBA,Prec,0.403015075376884,SF_advanced,2220.31378418142,2186.19121773819,2242.59362707861
EBA,Prec,0.407989949748744,SF_advanced,2220.29366515013,2186.16852599587,2242.51905952092
EBA,Prec,0.412964824120603,SF_advanced,2220.27514124299,2186.14579855422,2242.44379567727
EBA,Prec,0.417939698492462,SF_advanced,2220.25830095805,2186.12316681968,2242.36801961622
EBA,Prec,0.422914572864322,SF_advanced,2220.24323279338,2186.1007621987,2242.29191540629
EBA,Prec,0.427889447236181,SF_advanced,2220.23002524706,2186.07871609775,2242.21566711603
EBA,Prec,0.43286432160804,SF_advanced,2220.21876681714,2186.05715992326,2242.13945881397
EBA,Prec,0.437839195979899,SF_advanced,2220.2095460017,2186.0362250817,2242.06347456866
EBA,Prec,0.442814070351759,SF_advanced,2220.20245129881,2186.01604297951,2241.98789844863
EBA,Prec,0.447788944723618,SF_advanced,2220.19757120653,2185.99674502314,2241.91291452243
EBA,Prec,0.452763819095477,SF_advanced,2220.19499422293,2185.97846261905,2241.83870685859
EBA,Prec,0.457738693467337,SF_advanced,2220.19480884607,2185.96132717369,2241.76545952565
EBA,Prec,0.462713567839196,SF_advanced,2220.19710357402,2185.9454700935,2241.69335659215
EBA,Prec,0.467688442211055,SF_advanced,2220.20196690486,2185.93102278495,2241.62258212663
EBA,Prec,0.472663316582915,SF_advanced,2220.20948733664,2185.91811665448,2241.55332019762
EBA,Prec,0.477638190954774,SF_advanced,2220.21975336744,2185.90688310855,2241.48575487368
EBA,Prec,0.482613065326633,SF_advanced,2220.23285349532,2185.89745355359,2241.42007022333
EBA,Prec,0.487587939698492,SF_advanced,2220.24887621835,2185.91472165174,2241.35645031512
EBA,Prec,0.492562814070352,SF_advanced,2220.2679100346,2185.98977651269,2241.29507921758
EBA,Prec,0.497537688442211,SF_advanced,2220.29004344213,2186.06787678833,2241.23614099926
EBA,Prec,0.50251256281407,SF_advanced,2220.31536493901,2186.14903615476,2241.17981972869
EBA,Prec,0.50748743718593,SF_advanced,2220.35962795831,2186.23326828809,2241.12629947441
EBA,Prec,0.512462311557789,SF_advanced,2220.45693955768,2186.32058686443,2241.07576430497
EBA,Prec,0.517437185929648,SF_advanced,2220.55656136488,2186.41100555989,2241.0283982889
EBA,Prec,0.522412060301508,SF_advanced,2220.65851640645,2186.50453805059,2240.97267095215
EBA,Prec,0.527386934673367,SF_advanced,2220.76282770892,2186.60119801262,2240.84661249896
EBA,Prec,0.532361809045226,SF_advanced,2220.8695182988,2186.70099912211,2240.72442430343
EBA,Prec,0.537336683417085,SF_advanced,2220.97861120264,2186.80395505515,2240.60644217773
EBA,Prec,0.542311557788945,SF_advanced,2221.09012944696,2186.78597179859,2240.49300193403
EBA,Prec,0.547286432160804,SF_advanced,2221.19028671304,2186.69256501599,2240.3844393845
EBA,Prec,0.552261306532663,SF_advanced,2221.23253757784,2186.60451361385,2240.2810903413
EBA,Prec,0.557236180904523,SF_advanced,2221.27848303916,2186.52210531275,2240.18329061662
EBA,Prec,0.562211055276382,SF_advanced,2221.32819849505,2186.44562783329,2240.09137602262
EBA,Prec,0.567185929648241,SF_advanced,2221.3817593436,2186.37536889603,2240.00568237148
EBA,Prec,0.572160804020101,SF_advanced,2221.43924098287,2186.31161622157,2239.92654547535
EBA,Prec,0.57713567839196,SF_advanced,2221.50071881094,2186.25465753049,2239.85430114642
EBA,Prec,0.582110552763819,SF_advanced,2221.56626822587,2186.20478054338,2239.78928519685
EBA,Prec,0.587085427135679,SF_advanced,2221.63596462574,2186.1622729808,2239.73183343881
EBA,Prec,0.592060301507538,SF_advanced,2221.70988340862,2186.12742256336,2239.68228168448
EBA,Prec,0.597035175879397,SF_advanced,2221.78809997258,2186.10051701163,2239.75762613487
EBA,Prec,0.602010050251256,SF_advanced,2221.87068971568,2186.0818440462,2239.85904604687
EBA,Prec,0.606984924623116,SF_advanced,2221.95772803601,2186.07169138765,2239.96428794119
EBA,Prec,0.611959798994975,SF_advanced,2222.04929033163,2186.07034675656,2240.07340174382
EBA,Prec,0.616934673366834,SF_advanced,2222.14545200061,2186.07809787352,2240.18643738075
EBA,Prec,0.621909547738694,SF_advanced,2222.24628844102,2186.09523245911,2240.30344477797
EBA,Prec,0.626884422110553,SF_advanced,2222.35187505094,2186.12203823391,2240.42447386146
EBA,Prec,0.631859296482412,SF_advanced,2222.46228722844,2186.15880291851,2240.54957455723
EBA,Prec,0.636834170854271,SF_advanced,2222.57760037158,2186.2058142335,2240.67879679127
EBA,Prec,0.641809045226131,SF_advanced,2222.69788987844,2186.26335989944,2240.81219048956
EBA,Prec,0.64678391959799,SF_advanced,2222.82323114709,2186.33172763694,2240.94980557809
EBA,Prec,0.651758793969849,SF_advanced,2222.95369957559,2186.41120516657,2241.09169198287
EBA,Prec,0.656733668341709,SF_advanced,2223.08937056203,2186.50208020891,2241.23789962987
EBA,Prec,0.661708542713568,SF_advanced,2223.23031950447,2186.60464048455,2241.38847844509
EBA,Prec,0.666683417085427,SF_advanced,2223.37662180098,2186.71917371408,2241.54347835453
EBA,Prec,0.671658291457287,SF_advanced,2223.52835284963,2186.84596761807,2241.70294928417
EBA,Prec,0.676633165829146,SF_advanced,2223.68556158279,2186.98523027581,2241.86692142247
EBA,Prec,0.681608040201005,SF_advanced,2223.84819106994,2187.13685120141,2242.03534600778
EBA,Prec,0.686582914572864,SF_advanced,2224.01615791488,2187.30064026766,2242.20815454092
EBA,Prec,0.691557788944724,SF_advanced,2224.18937872138,2187.47640734736,2242.3852785227
EBA,Prec,0.696532663316583,SF_advanced,2224.36777009324,2187.66396231332,2242.56664945393
EBA,Prec,0.701507537688442,SF_advanced,2224.55124863423,2187.86311503835,2242.75219883543
EBA,Prec,0.706482412060302,SF_advanced,2224.73973094815,2188.07367539524,2242.94185816802
EBA,Prec,0.711457286432161,SF_advanced,2224.93313363877,2188.29545325679,2243.13555895251
EBA,Prec,0.71643216080402,SF_advanced,2225.13137330989,2188.52825849581,2243.33323268972
EBA,Prec,0.721407035175879,SF_advanced,2225.33436656528,2188.7719009851,2243.53481088046
EBA,Prec,0.726381909547739,SF_advanced,2225.54203000873,2189.02619059746,2243.74022502554
EBA,Prec,0.731356783919598,SF_advanced,2225.75428024403,2189.2909372057,2243.94940662579
EBA,Prec,0.736331658291457,SF_advanced,2225.97103387495,2189.56595068262,2244.16228718201
EBA,Prec,0.741306532663317,SF_advanced,2226.19220750529,2189.85104090101,2244.37879819503
EBA,Prec,0.746281407035176,SF_advanced,2226.41771773883,2190.14601773368,2244.59887116565
EBA,Prec,0.751256281407035,SF_advanced,2226.64748117936,2190.45069105344,2244.8224375947
EBA,Prec,0.756231155778895,SF_advanced,2226.88141443065,2190.76487073309,2245.04942898299
EBA,Prec,0.761206030150754,SF_advanced,2227.11943409649,2191.08836664542,2245.27977683133
EBA,Prec,0.766180904522613,SF_advanced,2227.36145678068,2191.42098866324,2245.51341264053
EBA,Prec,0.771155778894472,SF_advanced,2227.60739908698,2191.76254665936,2245.75026791142
EBA,Prec,0.776130653266332,SF_advanced,2227.85717761919,2192.11285050657,2245.99027414481
EBA,Prec,0.781105527638191,SF_advanced,2228.1107089811,2192.47171007768,2246.23336284152
EBA,Prec,0.78608040201005,SF_advanced,2228.33214107721,2192.83893524549,2246.47946550235
EBA,Prec,0.79105527638191,SF_advanced,2228.40359203051,2193.2143358828,2246.78455581875
EBA,Prec,0.796030150753769,SF_advanced,2228.47367771654,2193.59772186241,2247.18534627955
EBA,Prec,0.801005025125628,SF_advanced,2228.54243064166,2193.98890305713,2247.59459069846
EBA,Prec,0.805979899497488,SF_advanced,2228.60988331224,2194.38768933976,2248.01208288137
EBA,Prec,0.810954773869347,SF_advanced,2228.89081268288,2194.7938905831,2248.43761663418
EBA,Prec,0.815929648241206,SF_advanced,2229.2306631692,2195.20731665996,2248.87098576279
EBA,Prec,0.820904522613065,SF_advanced,2229.57403305609,2195.62777744313,2249.3119840731
EBA,Prec,0.825879396984925,SF_advanced,2229.92082722461,2196.05508280541,2249.76040537102
EBA,Prec,0.830854271356784,SF_advanced,2230.27095055583,2196.48904261962,2250.21604346243
EBA,Prec,0.835829145728643,SF_advanced,2230.62430793081,2196.92946675855,2250.67869215325
EBA,Prec,0.840804020100503,SF_advanced,2230.98080423062,2197.37616509501,2251.14814524937
EBA,Prec,0.845778894472362,SF_advanced,2231.34034433632,2197.82894750179,2251.62419655669
EBA,Prec,0.850753768844221,SF_advanced,2231.70283312898,2198.2876238517,2252.10663988112
EBA,Prec,0.85572864321608,SF_advanced,2232.06817548968,2198.75200401754,2252.59526902854
EBA,Prec,0.86070351758794,SF_advanced,2232.43627629946,2199.22189787212,2252.99540346476
EBA,Prec,0.865678391959799,SF_advanced,2232.80704043941,2199.69711528823,2253.38912840639
EBA,Prec,0.870653266331658,SF_advanced,2233.18037279057,2200.17746613868,2253.78655944436
EBA,Prec,0.875628140703518,SF_advanced,2233.55617823403,2200.66276029627,2254.18755931586
EBA,Prec,0.880603015075377,SF_advanced,2234.00921690323,2201.15280763381,2254.59199075804
EBA,Prec,0.885577889447236,SF_advanced,2234.52557765363,2201.64741802409,2254.99971650808
EBA,Prec,0.890552763819096,SF_advanced,2235.04524401539,2202.07298001514,2255.41059930316
EBA,Prec,0.895527638190955,SF_advanced,2235.65152819886,2202.37240717946,2255.82450188045
EBA,Prec,0.900502512562814,SF_advanced,2236.43911053377,2202.67295999297,2256.24128697711
EBA,Prec,0.905477386934673,SF_advanced,2237.2320394798,2202.97458485334,2256.66081733033
EBA,Prec,0.910452261306533,SF_advanced,2238.03004770637,2203.27722815823,2257.08295567728
EBA,Prec,0.915427135678392,SF_advanced,2238.76226714548,2203.58083630529,2257.50756475512
EBA,Prec,0.920402010050251,SF_advanced,2239.24993019992,2203.88535569217,2257.93450730103
EBA,Prec,0.925376884422111,SF_advanced,2239.740000007,2204.19073271654,2258.36364605219
EBA,Prec,0.93035175879397,SF_advanced,2240.23232614466,2204.49691377605,2258.79484374575
EBA,Prec,0.935326633165829,SF_advanced,2240.72675819087,2204.80384526837,2259.22796311891
EBA,Prec,0.940301507537689,SF_advanced,2241.22314572359,2205.11147359113,2259.66286690882
EBA,Prec,0.945276381909548,SF_advanced,2241.72133832079,2205.41974514202,2260.09941785266
EBA,Prec,0.950251256281407,SF_advanced,2242.22118556041,2205.72860631867,2260.53747868761
EBA,Prec,0.955226130653266,SF_advanced,2242.72253702042,2206.03800351876,2260.97691215084
EBA,Prec,0.960201005025126,SF_advanced,2243.22524227879,2206.34788313992,2261.41758097951
EBA,Prec,0.965175879396985,SF_advanced,2243.72915091347,2206.65819157983,2261.8593479108
EBA,Prec,0.970150753768844,SF_advanced,2244.23411250243,2206.96887523615,2262.30207568189
EBA,Prec,0.975125628140704,SF_advanced,2244.73997662362,2207.27988050651,2262.74562702994
EBA,Prec,0.980100502512563,SF_advanced,2245.24659285501,2207.5911537886,2263.18986469213
EBA,Prec,0.985075376884422,SF_advanced,2245.75381077455,2207.90264148005,2263.63465140564
EBA,Prec,0.990050251256281,SF_advanced,2246.26147996021,2208.21428997853,2264.07984990762
EBA,Prec,0.995025125628141,SF_advanced,2246.53570155437,2208.5260456817,2264.52532293526
EBA,Prec,1,SF_advanced,2246.78522802577,2208.83785498721,2264.97093322573
