region;response;contrast_type;frac_plot;frac_bin;stage;median;lower;upper;n_runs
CBA;Evapo;Spatially adjusted;0,01;;SF[e];39,7189426376459;30,4528570490738;48,4968385671357;30
CBA;Evapo;Spatially adjusted;0,01;;SF[i];36,3306500680516;26,5071359278421;45,9877976678167;30
CBA;Evapo;Spatially adjusted;0,01;;SF[a];31,4661783416201;22,7991322678051;41,7390224094588;30
CBA;Evapo;Spatially adjusted;0,030204;;SF[e];38,9879467294703;30,5191031884636;47,1281027794823;30
CBA;Evapo;Spatially adjusted;0,030204;;SF[i];35,7441997198495;26,5971460083471;44,5081170147059;30
CBA;Evapo;Spatially adjusted;0,030204;;SF[a];30,6363548281244;22,2408680334932;39,841272490534;30
CBA;Evapo;Spatially adjusted;0,050408;;SF[e];38,2936097955839;30,5666905643127;45,7484235022738;30
CBA;Evapo;Spatially adjusted;0,050408;;SF[i];35,1330641815589;26,6720507184252;43,0213105099461;30
CBA;Evapo;Spatially adjusted;0,050408;;SF[a];29,7586834029336;21,6714002872317;37,9387839391237;30
CBA;Evapo;Spatially adjusted;0,070612;;SF[e];37,6027806928693;30,5769604130796;44,3224040244911;30
CBA;Evapo;Spatially adjusted;0,070612;;SF[i];34,4211112328411;26,716744687649;41,547498963218;30
CBA;Evapo;Spatially adjusted;0,070612;;SF[a];28,7592760559902;21,0795255170715;36,0366824650745;30
CBA;Evapo;Spatially adjusted;0,090816;;SF[e];36,7005736720896;30,5312539712239;42,8572604016172;30
CBA;Evapo;Spatially adjusted;0,090816;;SF[i];33,6767502911799;26,7161225455917;40,4218126273147;30
CBA;Evapo;Spatially adjusted;0,090816;;SF[a];27,5136931865425;20,454040211063;34,3887014995163;30
CBA;Evapo;Spatially adjusted;0,11102;;SF[e];35,7454076650359;30,4109124752044;41,3465627579149;30
CBA;Evapo;Spatially adjusted;0,11102;;SF[i];32,8891786922609;26,6550789218262;39,2513169700064;30
CBA;Evapo;Spatially adjusted;0,11102;;SF[a];26,2323852322221;19,7837408572569;32,6064885059286;30
CBA;Evapo;Spatially adjusted;0,131224;;SF[e];34,7240429251394;30,1972771614802;39,7789225881774;30
CBA;Evapo;Spatially adjusted;0,131224;;SF[i];32,0475937717695;26,5185084459257;37,8866819457059;30
CBA;Evapo;Spatially adjusted;0,131224;;SF[a];25,091212085824;19,0574239437035;31,0395303625624;30
CBA;Evapo;Spatially adjusted;0,151429;;SF[e];33,6232397058322;29,5662028031246;38,5243400099277;30
CBA;Evapo;Spatially adjusted;0,151429;;SF[i];31,22813585344;26,2913057474628;36,2705934874572;30
CBA;Evapo;Spatially adjusted;0,151429;;SF[a];23,948484865299;18,2638859584539;29,4471321094374;30
CBA;Evapo;Spatially adjusted;0,171633;;SF[e];32,4297582605449;28,6719374524054;37,1974328975239;30
CBA;Evapo;Spatially adjusted;0,171633;;SF[i];30,2724908332563;25,9583654560109;34,9486620544059;30
CBA;Evapo;Spatially adjusted;0,171633;;SF[a];22,7240675047582;17,3919233895585;27,7291635220729;30
CBA;Evapo;Spatially adjusted;0,191837;;SF[e];31,1682890083059;27,6586049205313;35,8809887044351;30
CBA;Evapo;Spatially adjusted;0,191837;;SF[i];29,3298410215388;25,3654135324717;33,5376386884298;30
CBA;Evapo;Spatially adjusted;0,191837;;SF[a];21,4062899842001;16,3308118385547;25,9291515552042;30
CBA;Evapo;Spatially adjusted;0,212041;;SF[e];29,8844184573369;26,5113218098582;34,4251859116372;30
CBA;Evapo;Spatially adjusted;0,212041;;SF[i];28,341657354683;24,5607458080848;32,0263868979134;30
CBA;Evapo;Spatially adjusted;0,212041;;SF[a];19,9834822836223;15,0671877031964;24,0368407863933;30
CBA;Evapo;Spatially adjusted;0,232245;;SF[e];28,4532515918053;25,1011553730855;32,8145402302738;30
CBA;Evapo;Spatially adjusted;0,232245;;SF[i];27,1884596364612;23,6238011237667;30,4037701912411;30
CBA;Evapo;Spatially adjusted;0,232245;;SF[a];18,4439743830226;13,7010610223858;22,0419757932019;30
CBA;Evapo;Spatially adjusted;0,252449;;SF[e];26,82394850661;23,3944599174585;31,0335673714877;30
CBA;Evapo;Spatially adjusted;0,252449;;SF[i];25,750416258871;22,5413517835247;28,6586520767976;30
CBA;Evapo;Spatially adjusted;0,252449;;SF[a];16,7548250932407;12,2221815415773;19,9343011531926;30
CBA;Evapo;Spatially adjusted;0,272653;;SF[e];24,9538507211002;21,5346580577348;29,0667830464228;30
CBA;Evapo;Spatially adjusted;0,272653;;SF[i];23,9967397242838;21,3001700913659;26,7863356986321;30
CBA;Evapo;Spatially adjusted;0,272653;;SF[a];14,978420420419;10,6202990062259;17,7658569714025;30
CBA;Evapo;Spatially adjusted;0,292857;;SF[e];22,808667668559;19,5085532570492;26,8987029662222;30
CBA;Evapo;Spatially adjusted;0,292857;;SF[i];22,1979046798484;19,8482734763125;24,7645750301279;30
CBA;Evapo;Spatially adjusted;0,292857;;SF[a];12,9720517560801;8,88516316178627;15,6777922992071;30
CBA;Evapo;Spatially adjusted;0,313061;;SF[e];20,5265623466953;17,3033529814813;24,5138428420296;30
CBA;Evapo;Spatially adjusted;0,313061;;SF[i];20,4134781951161;18,1977360100639;22,6991209660544;30
CBA;Evapo;Spatially adjusted;0,313061;;SF[a];10,7465157442333;7,00652375371312;13,3618377873554;30
CBA;Evapo;Spatially adjusted;0,333265;;SF[e];18,099766049151;14,9062646971108;21,8967183849885;30
CBA;Evapo;Spatially adjusted;0,333265;;SF[i];18,3589387314331;16,3568150250555;20,4982135489917;30
CBA;Evapo;Spatially adjusted;0,333265;;SF[a];8,43039914354984;4,9741305274613;10,7509682920809;30
CBA;Evapo;Spatially adjusted;0,353469;;SF[e];15,5211428838509;12,3104136803169;19,0387310447395;30
CBA;Evapo;Spatially adjusted;0,353469;;SF[i];16,1877933702489;14,3191833895453;18,1630274069187;30
CBA;Evapo;Spatially adjusted;0,353469;;SF[a];5,93799043721277;2,78392030173042;7,95504301090148;30
CBA;Evapo;Spatially adjusted;0,373673;;SF[e];12,7029974189767;9,53259644867383;15,9588252249139;30
CBA;Evapo;Spatially adjusted;0,373673;;SF[i];13,6547700944222;12,0567568422787;15,6174316826331;30
CBA;Evapo;Spatially adjusted;0,373673;;SF[a];3,22485601862388;0,521668906204053;4,99822517984911;30
CBA;Evapo;Spatially adjusted;0,393878;;SF[e];9,80328189416116;6,59552733005533;12,7619132910834;30
CBA;Evapo;Spatially adjusted;0,393878;;SF[i];11,0639610947242;9,57553838457062;12,8902167973667;30
CBA;Evapo;Spatially adjusted;0,393878;;SF[a];0,438700079880277;-2,04660640102685;2,1687510339053;30
CBA;Evapo;Spatially adjusted;0,414082;;SF[e];6,78998985907129;3,52192065233466;9,42294949914791;30
CBA;Evapo;Spatially adjusted;0,414082;;SF[i];8,3020603356573;6,9945922676427;9,9756437082914;30
CBA;Evapo;Spatially adjusted;0,414082;;SF[a];-2,29467775417607;-4,66529764624062;-0,632557996176586;30
CBA;Evapo;Spatially adjusted;0,434286;;SF[e];3,61502946122983;0,334490743385533;5,93782848336337;30
CBA;Evapo;Spatially adjusted;0,434286;;SF[i];5,37245423318632;4,33501857859162;7,12441943023358;30
CBA;Evapo;Spatially adjusted;0,434286;;SF[a];-5,17940171770795;-7,32296415800883;-3,49896052153086;30
CBA;Evapo;Spatially adjusted;0,45449;;SF[e];0,0544104145993742;-2,94404806891859;2,13954685782619;30
CBA;Evapo;Spatially adjusted;0,45449;;SF[i];2,5933240041602;1,48990692122715;4,35172015057206;30
CBA;Evapo;Spatially adjusted;0,45449;;SF[a];-8,07829448547694;-10,0087959140521;-6,40412512397841;30
CBA;Evapo;Spatially adjusted;0,474694;;SF[e];-3,58817086188446;-6,29098145670431;-1,43683298119612;30
CBA;Evapo;Spatially adjusted;0,474694;;SF[i];-0,156805167417019;-1,45660220721616;1,59430629928103;30
CBA;Evapo;Spatially adjusted;0,474694;;SF[a];-10,8804857531136;-12,6958878907452;-9,32172038534047;30
CBA;Evapo;Spatially adjusted;0,494898;;SF[e];-7,19485304505293;-9,68359509209828;-4,94599392388472;30
CBA;Evapo;Spatially adjusted;0,494898;;SF[i];-3,07810228295853;-4,67784522473952;-1,12487967201478;30
CBA;Evapo;Spatially adjusted;0,494898;;SF[a];-13,5068045802607;-15,5806444686147;-11,9472436690103;30
CBA;Evapo;Spatially adjusted;0,515102;;SF[e];-11,0133570104317;-13,0991746472262;-8,28888205005635;30
CBA;Evapo;Spatially adjusted;0,515102;;SF[i];-6,04190384736535;-7,85053637834098;-3,87475212638047;30
CBA;Evapo;Spatially adjusted;0,515102;;SF[a];-16,4284730914707;-18,5775315607548;-14,5121036436912;30
CBA;Evapo;Spatially adjusted;0,535306;;SF[e];-14,5920435813766;-16,5930683557219;-11,6762750692264;30
CBA;Evapo;Spatially adjusted;0,535306;;SF[i];-9,05080532082058;-10,9912456020882;-6,62828710560311;30
CBA;Evapo;Spatially adjusted;0,535306;;SF[a];-19,1420293293681;-21,3497779968328;-16,9550294319031;30
CBA;Evapo;Spatially adjusted;0,55551;;SF[e];-18,3122600407478;-20,2809807679826;-15,0506929900112;30
CBA;Evapo;Spatially adjusted;0,55551;;SF[i];-12,0095279515421;-14,0710429168017;-9,36332751051989;30
CBA;Evapo;Spatially adjusted;0,55551;;SF[a];-21,8471727832006;-24,3135185359107;-19,2281685602036;30
CBA;Evapo;Spatially adjusted;0,575714;;SF[e];-21,9785019649774;-24,1271750701928;-18,3738567617306;30
CBA;Evapo;Spatially adjusted;0,575714;;SF[i];-14,6947527512938;-17,0609983433014;-12,0627752285197;30
CBA;Evapo;Spatially adjusted;0,575714;;SF[a];-24,3966775930641;-27,1497097305164;-21,4029182733592;30
CBA;Evapo;Spatially adjusted;0,595918;;SF[e];-25,555501442727;-27,8525226233176;-21,6834498786779;30
CBA;Evapo;Spatially adjusted;0,595918;;SF[i];-17,3819264469711;-19,9425168193777;-14,6821175125932;30
CBA;Evapo;Spatially adjusted;0,595918;;SF[a];-26,8673621813608;-29,795192814367;-23,4594512684658;30
CBA;Evapo;Spatially adjusted;0,616122;;SF[e];-29,0127448013217;-31,4685010244821;-24,9624913572892;30
CBA;Evapo;Spatially adjusted;0,616122;;SF[i];-19,8587600926395;-22,7717495640688;-17,1731346914977;30
CBA;Evapo;Spatially adjusted;0,616122;;SF[a];-29,0945096135073;-32,2163614321358;-25,3779402426204;30
CBA;Evapo;Spatially adjusted;0,636327;;SF[e];-32,3727047772892;-34,9491413278257;-28,1940002139999;30
CBA;Evapo;Spatially adjusted;0,636327;;SF[i];-22,2304689977964;-25,5246052991943;-19,6168294396413;30
CBA;Evapo;Spatially adjusted;0,636327;;SF[a];-31,0810541959144;-34,3885719001236;-27,1385578929195;30
CBA;Evapo;Spatially adjusted;0,656531;;SF[e];-35,5804446348366;-38,2684745874876;-31,3609954652466;30
CBA;Evapo;Spatially adjusted;0,656531;;SF[i];-24,4813202540326;-28,0791131020147;-21,6649206679775;30
CBA;Evapo;Spatially adjusted;0,656531;;SF[a];-32,8538057004903;-36,2883004285435;-28,7214769164594;30
CBA;Evapo;Spatially adjusted;0,676735;;SF[e];-38,5171000881369;-41,461510728152;-34,4464961274647;30
CBA;Evapo;Spatially adjusted;0,676735;;SF[i];-26,5955809529394;-30,4072815341897;-23,6380370227879;30
CBA;Evapo;Spatially adjusted;0,676735;;SF[a];-34,3821215785236;-37,8614149924914;-30,1068700103368;30
CBA;Evapo;Spatially adjusted;0,696939;;SF[e];-41,1758863082618;-44,412084551074;-37,4373771682324;30
CBA;Evapo;Spatially adjusted;0,696939;;SF[i];-28,4077627721602;-32,4884336763615;-25,4383975790883;30
CBA;Evapo;Spatially adjusted;0,696939;;SF[a];-35,4817747546824;-39,1450497085124;-31,1361878792626;30
CBA;Evapo;Spatially adjusted;0,717143;;SF[e];-43,9404164180285;-47,1225239694625;-40,1221204823883;30
CBA;Evapo;Spatially adjusted;0,717143;;SF[i];-30,0062992882139;-34,3311506851083;-27,0718240278635;30
CBA;Evapo;Spatially adjusted;0,717143;;SF[a];-36,1495324021473;-40,1952697363925;-31,899914157326;30
CBA;Evapo;Spatially adjusted;0,737347;;SF[e];-46,4395983648271;-49,6088379436203;-42,7542420532217;30
CBA;Evapo;Spatially adjusted;0,737347;;SF[i];-31,487382646422;-35,9513282359915;-28,549445309615;30
CBA;Evapo;Spatially adjusted;0,737347;;SF[a];-36,7782260939243;-40,9685441830146;-32,4950729582643;30
CBA;Evapo;Spatially adjusted;0,757551;;SF[e];-48,9212547250568;-52,0066180704785;-45,2788930261397;30
CBA;Evapo;Spatially adjusted;0,757551;;SF[i];-32,947355682287;-37,3648620045731;-29,8823903648447;30
CBA;Evapo;Spatially adjusted;0,757551;;SF[a];-37,3445408878944;-41,484654875612;-32,8967994376499;30
CBA;Evapo;Spatially adjusted;0,777755;;SF[e];-51,3676728027538;-54,2465081036624;-47,7043403702125;30
CBA;Evapo;Spatially adjusted;0,777755;;SF[i];-34,5104094985785;-38,5876476664145;-30,8537219735691;30
CBA;Evapo;Spatially adjusted;0,777755;;SF[a];-37,8258551844517;-41,7511380557781;-33,1199730048332;30
CBA;Evapo;Spatially adjusted;0,797959;;SF[e];-53,5432890572414;-56,3333363507148;-50,0388510545105;30
CBA;Evapo;Spatially adjusted;0,797959;;SF[i];-35,5869749675173;-39,5586381992999;-31,6084022259918;30
CBA;Evapo;Spatially adjusted;0,797959;;SF[a];-37,940185928741;-41,6083026651164;-33,1794730691647;30
CBA;Evapo;Spatially adjusted;0,818163;;SF[e];-55,327294953581;-58,2810175194658;-52,0080324995892;30
CBA;Evapo;Spatially adjusted;0,818163;;SF[i];-36,5252472284677;-40,3214686479322;-32,2014624252033;30
CBA;Evapo;Spatially adjusted;0,818163;;SF[a];-37,8751325271103;-41,3949315859547;-32,8232078357398;30
CBA;Evapo;Spatially adjusted;0,838367;;SF[e];-57,2936502836128;-60,3113179593435;-53,4225177522903;30
CBA;Evapo;Spatially adjusted;0,838367;;SF[i];-37,3503338279082;-41,1639233888557;-32,5433961877789;30
CBA;Evapo;Spatially adjusted;0,838367;;SF[a];-37,6284756929067;-41,3359795477801;-32,2649991639201;30
CBA;Evapo;Spatially adjusted;0,858571;;SF[e];-59,5245355304491;-62,1808171520259;-54,6892662005555;30
CBA;Evapo;Spatially adjusted;0,858571;;SF[i];-37,9152963236314;-42,1474078286758;-32,7640872523786;30
CBA;Evapo;Spatially adjusted;0,858571;;SF[a];-37,2377146758874;-41,1340228942701;-31,4538395266217;30
CBA;Evapo;Spatially adjusted;0,878776;;SF[e];-61,4483011772475;-64,4546606971072;-55,8494620084568;30
CBA;Evapo;Spatially adjusted;0,878776;;SF[i];-38,4135053988849;-43,0549275610594;-32,8786909562495;30
CBA;Evapo;Spatially adjusted;0,878776;;SF[a];-36,7208624989034;-40,8069372023418;-30,2744147567031;30
CBA;Evapo;Spatially adjusted;0,89898;;SF[e];-63,5013795487769;-66,8372810424876;-56,9183269817598;30
CBA;Evapo;Spatially adjusted;0,89898;;SF[i];-38,8856900481795;-44,3005015307951;-32,9023626366388;30
CBA;Evapo;Spatially adjusted;0,89898;;SF[a];-35,8712660756994;-40,4409597579878;-28,9748901120787;30
CBA;Evapo;Spatially adjusted;0,919184;;SF[e];-65,5289079447345;-69,1856809296852;-57,9110829262312;30
CBA;Evapo;Spatially adjusted;0,919184;;SF[i];-39,4710038458181;-45,5886807906246;-32,8502576307927;30
CBA;Evapo;Spatially adjusted;0,919184;;SF[a];-34,9736459862793;-40,543700707281;-27,5752822385329;30
CBA;Evapo;Spatially adjusted;0,939388;;SF[e];-67,7034795047446;-71,5067044503371;-58,8429516476372;30
CBA;Evapo;Spatially adjusted;0,939388;;SF[i];-39,8864211637432;-46,8471589159627;-32,737531275959;30
CBA;Evapo;Spatially adjusted;0,939388;;SF[a];-33,9105417363328;-40,6179875568563;-26,0956077818497;30
CBA;Evapo;Spatially adjusted;0,959592;;SF[e];-69,7846443344764;-73,807195696079;-59,7291549517442;30
CBA;Evapo;Spatially adjusted;0,959592;;SF[i];-40,2446413180639;-48,083361190432;-32,5793389093843;30
CBA;Evapo;Spatially adjusted;0,959592;;SF[a];-33,1265156800676;-40,6565109281361;-24,5558833878136;30
CBA;Evapo;Spatially adjusted;0,979796;;SF[e];-71,485724695533;-76,0939987585479;-60,5849146443188;30
CBA;Evapo;Spatially adjusted;0,979796;;SF[i];-40,5091999517655;-49,3047128976559;-32,3908358683157;30
CBA;Evapo;Spatially adjusted;0,979796;;SF[a];-32,2730181393732;-40,6711919805515;-22,9761257022089;30
CBA;Evapo;Spatially adjusted;1;;SF[e];-73,0210590194541;-78,3739577293803;-61,4254525311269;30
CBA;Evapo;Spatially adjusted;1;;SF[i];-40,7601306419194;-50,518639321257;-32,18717749;30
CBA;Evapo;Spatially adjusted;1;;SF[a];-31,2164527887597;-40,6739518735353;-21,3763513708202;30
CBA;Evapo;Current landscape;1;0–5;SF[e];-102,18226310972;-135,054352875878;-65,7181586485526;30
CBA;Evapo;Current landscape;1;0–5;SF[i];-87,2715165245602;-121,363206560879;-55,2288916680026;30
CBA;Evapo;Current landscape;1;0–5;SF[a];-77,3939753820393;-119,388319651519;-44,4376548396803;30
CBA;Evapo;Current landscape;2;5–10;SF[e];-74,1187814192521;-102,676110799165;-43,1922932874558;30
CBA;Evapo;Current landscape;2;5–10;SF[i];-62,7126098984538;-91,3187988748648;-32,2070639771129;30
CBA;Evapo;Current landscape;2;5–10;SF[a];-41,131079406842;-65,6056365473908;-13,2200187230064;30
CBA;Evapo;Current landscape;3;10–15;SF[e];-45,1159734569952;-85,8154789412719;-11,5409357504681;30
CBA;Evapo;Current landscape;3;10–15;SF[i];-34,6677277539383;-76,9644797116163;0,0826421492551921;30
CBA;Evapo;Current landscape;3;10–15;SF[a];-16,8832143407473;-49,2928168945361;11,3694563250923;30
CBA;Evapo;Current landscape;4;15–20;SF[e];-41,3530674331957;-66,6056864115414;-5,83372580817935;30
CBA;Evapo;Current landscape;4;15–20;SF[i];-29,2156935151077;-64,0806159330274;0,074432869039196;30
CBA;Evapo;Current landscape;4;15–20;SF[a];-9,48051278672746;-40,3333182010815;17,1018850766853;30
CBA;Evapo;Current landscape;5;20–25;SF[e];-25,5157779421849;-48,0220461123377;-3,76093044515157;30
CBA;Evapo;Current landscape;5;20–25;SF[i];-22,2394772217783;-46,503262053232;-1,4846076575224;30
CBA;Evapo;Current landscape;5;20–25;SF[a];-4,65639440652251;-30,0109950034999;9,57964853418611;30
CBA;Evapo;Current landscape;6;25–30;SF[e];-20,9545799113809;-44,2397724646714;-4,8870260409096;30
CBA;Evapo;Current landscape;6;25–30;SF[i];-17,147174938456;-30,1024857120071;2,07335813215094;30
CBA;Evapo;Current landscape;6;25–30;SF[a];1,69184326010907;-16,8003111898544;21,1295575383154;30
CBA;Evapo;Current landscape;7;30–35;SF[e];-18,6893552613905;-34,7363358573651;-3,15888699910349;30
CBA;Evapo;Current landscape;7;30–35;SF[i];-21,7421265713932;-35,7666024143313;-6,2117044937336;30
CBA;Evapo;Current landscape;7;30–35;SF[a];-6,66889313458433;-21,2015717189358;17,290518981689;30
CBA;Evapo;Current landscape;8;35–40;SF[e];-31,8290603791482;-46,1465680881143;-13,6033130922056;30
CBA;Evapo;Current landscape;8;35–40;SF[i];-25,3047337747848;-40,0047828773219;-9,68102993015808;30
CBA;Evapo;Current landscape;8;35–40;SF[a];-0,014854260677225;-16,8447545963197;13,0921448462572;30
CBA;Evapo;Current landscape;9;40–45;SF[e];-18,1376070087606;-32,1946708357948;-3,53783598835807;30
CBA;Evapo;Current landscape;9;40–45;SF[i];-17,6091640139405;-36,5717432604765;-6,02742879404367;30
CBA;Evapo;Current landscape;9;40–45;SF[a];-0,493013927274547;-17,2595365815931;12,1533000590026;30
CBA;Evapo;Current landscape;10;45–50;SF[e];-21,4051218927608;-36,314314412084;-5,78122077778196;30
CBA;Evapo;Current landscape;10;45–50;SF[i];-29,603879695213;-40,8867514111737;-14,7844173073554;30
CBA;Evapo;Current landscape;10;45–50;SF[a];-10,792356221459;-30,3433811650398;6,68435860529574;30
CBA;Evapo;Current landscape;11;50–55;SF[e];-17,8950177384623;-35,5611686549714;0,754889714447351;30
CBA;Evapo;Current landscape;11;50–55;SF[i];-23,8903467305593;-35,7456635855766;-11,6598175435185;30
CBA;Evapo;Current landscape;11;50–55;SF[a];-5,72323463985732;-22,7833179925936;2,60908951685417;30
CBA;Evapo;Current landscape;12;55–60;SF[e];-39,6299797533619;-51,8402369257091;-27,5389342902999;30
CBA;Evapo;Current landscape;12;55–60;SF[i];-28,9168128209185;-43,5002250275619;-18,8121673327695;30
CBA;Evapo;Current landscape;12;55–60;SF[a];-5,70851483287947;-19,0724337680506;10,3342730554863;30
CBA;Evapo;Current landscape;13;60–65;SF[e];-36,3556722755679;-50,143830095858;-24,0368711826211;30
CBA;Evapo;Current landscape;13;60–65;SF[i];-20,2662554418698;-33,1502368753898;-8,05325263410874;30
CBA;Evapo;Current landscape;13;60–65;SF[a];-6,85030403425992;-22,0622789055538;5,70717794635621;30
CBA;Evapo;Current landscape;14;65–70;SF[e];-14,3193431117434;-25,6592772880351;-3,71637065766951;30
CBA;Evapo;Current landscape;14;65–70;SF[i];-16,6973791113127;-32,5163504437121;-4,92816090511051;30
CBA;Evapo;Current landscape;14;65–70;SF[a];-7,65392090337673;-19,8736752829049;8,08589438469243;30
CBA;Evapo;Current landscape;15;70–75;SF[e];-23,9510142590362;-31,9271787601187;-13,5108375370488;30
CBA;Evapo;Current landscape;15;70–75;SF[i];-38,376876004343;-50,8944333716909;-28,2834843991618;30
CBA;Evapo;Current landscape;15;70–75;SF[a];-5,25813059515656;-20,8743599288336;7,62992518221872;30
CBA;Evapo;Current landscape;16;75–80;SF[e];-45,776670769777;-51,9647600389761;-38,2099398688678;30
CBA;Evapo;Current landscape;16;75–80;SF[i];-30,0415792666742;-37,8179184551834;-20,7260629822156;30
CBA;Evapo;Current landscape;16;75–80;SF[a];-8,99473891945524;-21,9962017274211;2,68874684873793;30
CBA;Evapo;Current landscape;17;80–85;SF[e];-43,5384374662922;-54,364239354057;-35,4289469711682;30
CBA;Evapo;Current landscape;17;80–85;SF[i];-15,0217380490406;-24,3693852852941;-5,45710491393175;30
CBA;Evapo;Current landscape;17;80–85;SF[a];-4,57014394945975;-15,2485924846772;5,02891177156089;30
CBA;Evapo;Current landscape;18;85–90;SF[e];-28,6587202834291;-42,6076305288903;-19,0231940545302;30
CBA;Evapo;Current landscape;18;85–90;SF[i];-16,0800499102321;-29,5092212575167;-8,46798962477483;30
CBA;Evapo;Current landscape;18;85–90;SF[a];9,39030352968518;-3,14245789762694;17,6490932593466;30
CBA;Evapo;Current landscape;19;90–95;SF[e];-33,8378608122083;-45,3430888402162;-27,231148689813;30
CBA;Evapo;Current landscape;19;90–95;SF[i];-11,5924245740253;-21,9103171119483;-4,02853605993228;30
CBA;Evapo;Current landscape;19;90–95;SF[a];18,0691726928517;9,3521378820836;25,7657494898235;30
CBA;Evapo;Current landscape;20;95–100;SF[e];-32,6142644664567;-40,9884049433956;-27,0446663871135;30
CBA;Evapo;Current landscape;20;95–100;SF[i];12,6362772592662;6,12977316188009;18,6856392257719;30
CBA;Evapo;Current landscape;20;95–100;SF[a];40,1113150495303;34,4607286681817;44,4524504651147;30
