response,response_label,unit,contrast,cover_value,cover_label,n_runs,median,lower,upper
Evapo,ET,mm,PF - SF[a],0.25,25% cover,2,-0.487069320583647,-3.43569671117986,2.20555610599713
Evapo,ET,mm,PF - SF[a],0.25,25% cover,3,0.286649320799803,-3.2145600427208,1.9143450421702
Evapo,ET,mm,PF - SF[a],0.25,25% cover,4,-0.172933322535698,-2.76459354828362,1.73317288770555
Evapo,ET,mm,PF - SF[a],0.25,25% cover,5,0.286649320799803,-2.4642181577817,1.7351578826197
Evapo,ET,mm,PF - SF[a],0.25,25% cover,6,-0.0169940466129237,-2.38922129212305,1.56996930020178
Evapo,ET,mm,PF - SF[a],0.25,25% cover,7,0.244106982484002,-2.8777474645487,1.4738523445333
Evapo,ET,mm,PF - SF[a],0.25,25% cover,8,-0.0829318857828483,-2.44710413584597,1.35067873703199
Evapo,ET,mm,PF - SF[a],0.25,25% cover,9,0.244106982484002,-2.4237573426788,1.2238224908808
Evapo,ET,mm,PF - SF[a],0.25,25% cover,10,-0.0831904913846486,-2.38462073102725,1.12985574039055
Evapo,ET,mm,PF - SF[a],0.25,25% cover,11,-0.244106982483999,-2.3454841193757,1.0358889899003
Evapo,ET,mm,PF - SF[a],0.25,25% cover,12,-0.0722963012038989,-2.15638023420066,1.03837806360665
Evapo,ET,mm,PF - SF[a],0.25,25% cover,13,-0.244106982483999,-2.2401424175666,0.894424644063303
Evapo,ET,mm,PF - SF[a],0.25,25% cover,14,0,-2.08193110212025,0.844647884544301
Evapo,ET,mm,PF - SF[a],0.25,25% cover,15,-0.244106982483999,-2.2401424175666,0.851869764339401
Evapo,ET,mm,PF - SF[a],0.25,25% cover,16,0,-2.08193110212025,0.844647884544301
Evapo,ET,mm,PF - SF[a],0.25,25% cover,17,-0.244106982483999,-1.93163035244622,0.851869764339401
Evapo,ET,mm,PF - SF[a],0.25,25% cover,18,0,-2.06107448871455,0.823370444682354
Evapo,ET,mm,PF - SF[a],0.25,25% cover,19,-0.244106982483999,-1.88304939053278,0.794871125025303
Evapo,ET,mm,PF - SF[a],0.25,25% cover,20,0,-1.49345728344239,0.823370444682354
Evapo,ET,mm,PF - SF[a],0.25,25% cover,21,-0.244106982483999,-1.8820065598625,0.794871125025303
Evapo,ET,mm,PF - SF[a],0.25,25% cover,22,0,-1.49293586810725,0.7082217717616
Evapo,ET,mm,PF - SF[a],0.25,25% cover,23,0.244106982484002,-1.103865176352,0.621572418497902
Evapo,ET,mm,PF - SF[a],0.25,25% cover,24,0,-1.1459886569561,0.7082217717616
Evapo,ET,mm,PF - SF[a],0.25,25% cover,25,-0.244106982483999,-1.103865176352,0.621572418497902
Evapo,ET,mm,PF - SF[a],0.25,25% cover,26,0,-0.756917965200849,0.454110869648851
Evapo,ET,mm,PF - SF[a],0.25,25% cover,27,-0.244106982483999,-0.409970754049699,0.286649320799803
Evapo,ET,mm,PF - SF[a],0.25,25% cover,28,0,-0.327038868266847,0.265378151641905
Evapo,ET,mm,PF - SF[a],0.25,25% cover,29,0.244106982484002,-0.244106982483999,0.244106982484002
Evapo,ET,mm,PF - SF[a],0.25,25% cover,30,0,0,0
Evapo,ET,mm,PF - SF[a],0.5,50% cover,2,-0.172079934014953,-1.29375059250964,1.17678713109486
Evapo,ET,mm,PF - SF[a],0.5,50% cover,3,0.0448633119708983,-1.36492824969405,1.1526857437648
Evapo,ET,mm,PF - SF[a],0.5,50% cover,4,-0.124963266226201,-1.12876552383065,0.876378133362073
Evapo,ET,mm,PF - SF[a],0.5,50% cover,5,0.027240067267849,-1.2889812281257,0.956303461517999
Evapo,ET,mm,PF - SF[a],0.5,50% cover,6,-0.1716808231564,-1.12104878740232,0.585494093783724
Evapo,ET,mm,PF - SF[a],0.5,50% cover,7,0.00961682256479968,-1.03549573768439,0.6633261101092
Evapo,ET,mm,PF - SF[a],0.5,50% cover,8,-0.170983359779026,-0.967938055287255,0.557913855607092
Evapo,ET,mm,PF - SF[a],0.5,50% cover,9,0.00961682256479968,-0.954832908682761,0.579309473633154
Evapo,ET,mm,PF - SF[a],0.5,50% cover,10,-0.0870355062395998,-0.927357401747702,0.445764322143427
Evapo,ET,mm,PF - SF[a],0.5,50% cover,11,0.00961682256479968,-0.901860514288302,0.312219170653698
Evapo,ET,mm,PF - SF[a],0.5,50% cover,12,0,-0.872895108511186,0.312900380754189
Evapo,ET,mm,PF - SF[a],0.5,50% cover,13,0.00961682256479968,-0.901860514288302,0.312219170653698
Evapo,ET,mm,PF - SF[a],0.5,50% cover,14,0,-0.86725825079095,0.26689654047825
Evapo,ET,mm,PF - SF[a],0.5,50% cover,15,0.00961682256479968,-0.842654858361101,0.2215739103028
Evapo,ET,mm,PF - SF[a],0.5,50% cover,16,0,-0.812158535367951,0.216018699151033
Evapo,ET,mm,PF - SF[a],0.5,50% cover,17,0.00961682256479968,-0.783187028524459,0.2140036781477
Evapo,ET,mm,PF - SF[a],0.5,50% cover,18,0,-0.70243515390247,0.165778129223348
Evapo,ET,mm,PF - SF[a],0.5,50% cover,19,0.00961682256479968,-0.781662212374801,0.210372713892898
Evapo,ET,mm,PF - SF[a],0.5,50% cover,20,0,-0.673298884495202,0.160222918071583
Evapo,ET,mm,PF - SF[a],0.5,50% cover,21,0.00961682256479968,-0.781662212374801,0.210372713892898
Evapo,ET,mm,PF - SF[a],0.5,50% cover,22,0,-0.673298884495202,0.160177531018398
Evapo,ET,mm,PF - SF[a],0.5,50% cover,23,0.00961682256479968,-0.564935556615602,0.109982348143898
Evapo,ET,mm,PF - SF[a],0.5,50% cover,24,0,-0.67193883090932,0.160177531018398
Evapo,ET,mm,PF - SF[a],0.5,50% cover,25,0.00961682256479968,-0.564935556615602,0.109982348143898
Evapo,ET,mm,PF - SF[a],0.5,50% cover,26,0,-0.563540629860851,0.0774228300573974
Evapo,ET,mm,PF - SF[a],0.5,50% cover,27,0.00961682256479968,-0.562145703106101,0.0448633119708983
Evapo,ET,mm,PF - SF[a],0.5,50% cover,28,0,-0.285881262835451,0.027240067267849
Evapo,ET,mm,PF - SF[a],0.5,50% cover,29,-0.00961682256480145,-0.00961682256480145,0.00961682256479968
Evapo,ET,mm,PF - SF[a],0.5,50% cover,30,0,0,0
Evapo,ET,mm,PF - SF[a],0.75,75% cover,2,-0.0530390790162478,-2.42341373305676,3.76223997865273
Evapo,ET,mm,PF - SF[a],0.75,75% cover,3,-0.0237809779956493,-3.09692744888314,3.08756498562765
Evapo,ET,mm,PF - SF[a],0.75,75% cover,4,0.0332102039647815,-2.8829884251975,3.03531099959409
Evapo,ET,mm,PF - SF[a],0.75,75% cover,5,0.0237809779956564,-2.86983176162234,3.07588286461996
Evapo,ET,mm,PF - SF[a],0.75,75% cover,6,0.0651568688474029,-2.21927044672338,2.5172126442869
Evapo,ET,mm,PF - SF[a],0.75,75% cover,7,0.0237809779956564,-1.94651731339044,2.43937331435525
Evapo,ET,mm,PF - SF[a],0.75,75% cover,8,-0.100591711509473,-1.57600785796005,2.20230804589086
Evapo,ET,mm,PF - SF[a],0.75,75% cover,9,0.0237809779956564,-1.56805129864565,1.97056319621389
Evapo,ET,mm,PF - SF[a],0.75,75% cover,10,-0.0616870780398457,-1.38002391429161,1.57674005522675
Evapo,ET,mm,PF - SF[a],0.75,75% cover,11,-0.0237809779956493,-1.11793594408369,1.59004701259376
Evapo,ET,mm,PF - SF[a],0.75,75% cover,12,-0.085850063389799,-1.18723515411306,1.20792144645645
Evapo,ET,mm,PF - SF[a],0.75,75% cover,13,-0.0237809779956493,-1.10639452473595,1.22449371860385
Evapo,ET,mm,PF - SF[a],0.75,75% cover,14,0,-1.1186070763638,0.791212854857279
Evapo,ET,mm,PF - SF[a],0.75,75% cover,15,-0.0237809779956493,-0.806021181614746,1.19134917430905
Evapo,ET,mm,PF - SF[a],0.75,75% cover,16,-0.0101140473213484,-0.956207853175343,0.770071166535004
Evapo,ET,mm,PF - SF[a],0.75,75% cover,17,-0.0237809779956493,-0.806021181614746,1.19134917430905
Evapo,ET,mm,PF - SF[a],0.75,75% cover,18,0,-0.737592017848343,0.770485473338689
Evapo,ET,mm,PF - SF[a],0.75,75% cover,19,-0.0237809779956493,-0.806021181614746,0.369857059149662
Evapo,ET,mm,PF - SF[a],0.75,75% cover,20,0,-0.737592017848343,0.753207568438981
Evapo,ET,mm,PF - SF[a],0.75,75% cover,21,-0.0237809779956493,-0.669162854081947,0.348793158760955
Evapo,ET,mm,PF - SF[a],0.75,75% cover,22,0,-0.529206101064148,0.331497160713752
Evapo,ET,mm,PF - SF[a],0.75,75% cover,23,-0.0237809779956493,-0.669162854081947,0.348793158760955
Evapo,ET,mm,PF - SF[a],0.75,75% cover,24,0,-0.529206101064148,0.266307591917837
Evapo,ET,mm,PF - SF[a],0.75,75% cover,25,3.5527136788005e-15,-0.389249348046349,0.314201162666556
Evapo,ET,mm,PF - SF[a],0.75,75% cover,26,0,-0.295216385532648,0.265875191966657
Evapo,ET,mm,PF - SF[a],0.75,75% cover,27,-0.0237809779956493,-0.201183423018946,0.217549221266751
Evapo,ET,mm,PF - SF[a],0.75,75% cover,28,0,-0.112482200507301,0.120665099631204
Evapo,ET,mm,PF - SF[a],0.75,75% cover,29,3.5527136788005e-15,-0.0237809779956493,0.0237809779956564
Evapo,ET,mm,PF - SF[a],0.75,75% cover,30,0,0,0
Evapo,ET,mm,PF - SF[e],0.25,25% cover,2,-0.100402447032726,-1.85569817554773,2.97786830115823
Evapo,ET,mm,PF - SF[e],0.25,25% cover,3,-0.395722986761101,-2.02922171988005,1.61034605213394
Evapo,ET,mm,PF - SF[e],0.25,25% cover,4,-0.293037553307851,-1.81595851107333,1.84471586103597
Evapo,ET,mm,PF - SF[e],0.25,25% cover,5,-0.395722986761101,-1.7615312816357,1.5910144205544
Evapo,ET,mm,PF - SF[e],0.25,25% cover,6,-0.178086019169776,-1.4404861242224,1.53434489285935
Evapo,ET,mm,PF - SF[e],0.25,25% cover,7,-0.0666556650734016,-1.51247315365446,1.4695266369309
Evapo,ET,mm,PF - SF[e],0.25,25% cover,8,-0.161790752591951,-1.20872531012275,1.166271399649
Evapo,ET,mm,PF - SF[e],0.25,25% cover,9,0.066655665073398,-1.3568177434332,1.1542549308009
Evapo,ET,mm,PF - SF[e],0.25,25% cover,10,-0.164533660843851,-1.13246281601323,1.08823271694315
Evapo,ET,mm,PF - SF[e],0.25,25% cover,11,-0.0666556650734016,-0.86458906399317,1.0222105030854
Evapo,ET,mm,PF - SF[e],0.25,25% cover,12,-0.164533660843851,-1.05565544103455,0.813179871443338
Evapo,ET,mm,PF - SF[e],0.25,25% cover,13,-0.0666556650734016,-0.8519678158024,0.737285539517497
Evapo,ET,mm,PF - SF[e],0.25,25% cover,14,-0.164533660843851,-1.0435858247475,0.748808212932029
Evapo,ET,mm,PF - SF[e],0.25,25% cover,15,-0.0666556650734016,-0.8519678158024,0.737285539517497
Evapo,ET,mm,PF - SF[e],0.25,25% cover,16,-0.161790752591951,-0.803230477219152,0.748808212932029
Evapo,ET,mm,PF - SF[e],0.25,25% cover,17,-0.0666556650734016,-0.754493138635901,0.737285539517497
Evapo,ET,mm,PF - SF[e],0.25,25% cover,18,-0.164533660843851,-0.742423522348851,0.604874162486323
Evapo,ET,mm,PF - SF[e],0.25,25% cover,19,-0.0666556650734016,-0.730353906061801,0.468691060810997
Evapo,ET,mm,PF - SF[e],0.25,25% cover,20,-0.128423387198453,-0.704582244342159,0.401663071909997
Evapo,ET,mm,PF - SF[e],0.25,25% cover,21,-0.0666556650734016,-0.730353906061801,0.334635083008997
Evapo,ET,mm,PF - SF[e],0.25,25% cover,22,0,-0.691542338875451,0.303783636587596
Evapo,ET,mm,PF - SF[e],0.25,25% cover,23,-0.0666556650734016,-0.6527307716891,0.334635083008997
Evapo,ET,mm,PF - SF[e],0.25,25% cover,24,0,-0.5242268792251,0.2367556476866
Evapo,ET,mm,PF - SF[e],0.25,25% cover,25,0.066655665073398,-0.6527307716891,0.334635083008997
Evapo,ET,mm,PF - SF[e],0.25,25% cover,26,0,-0.5242268792251,0.2367556476866
Evapo,ET,mm,PF - SF[e],0.25,25% cover,27,0.066655665073398,-0.395722986761101,0.138876212364199
Evapo,ET,mm,PF - SF[e],0.25,25% cover,28,0,-0.231189325917249,0.102765938718797
Evapo,ET,mm,PF - SF[e],0.25,25% cover,29,0.066655665073398,-0.0666556650734016,0.066655665073398
Evapo,ET,mm,PF - SF[e],0.25,25% cover,30,0,0,0
Evapo,ET,mm,PF - SF[e],0.5,50% cover,2,0.0827684744701278,-1.91836077813548,1.92677146557659
Evapo,ET,mm,PF - SF[e],0.5,50% cover,3,0.201480005237045,-1.9516787813559,2.00726444514839
Evapo,ET,mm,PF - SF[e],0.5,50% cover,4,0.0896947919306403,-1.46269065069729,1.78979772499038
Evapo,ET,mm,PF - SF[e],0.5,50% cover,5,0.112552554705875,-1.76502048453672,1.79779343311635
Evapo,ET,mm,PF - SF[e],0.5,50% cover,6,0.0431538129750502,-1.22988373697627,1.47272310358813
Evapo,ET,mm,PF - SF[e],0.5,50% cover,7,0.112552554705875,-0.969455123475361,1.73452261384386
Evapo,ET,mm,PF - SF[e],0.5,50% cover,8,0.0187048007467201,-1.01535760182087,1.41050755356442
Evapo,ET,mm,PF - SF[e],0.5,50% cover,9,0.112552554705875,-0.444396886096478,1.22401356884518
Evapo,ET,mm,PF - SF[e],0.5,50% cover,10,0.000609693932235089,-0.639421265085777,1.38642735713801
Evapo,ET,mm,PF - SF[e],0.5,50% cover,11,0.112552554705875,-0.417786644116175,1.03717902730842
Evapo,ET,mm,PF - SF[e],0.5,50% cover,12,0,-0.582088288015681,1.03334353891713
Evapo,ET,mm,PF - SF[e],0.5,50% cover,13,0.112552554705875,-0.417786644116175,1.03717902730842
Evapo,ET,mm,PF - SF[e],0.5,50% cover,14,0,-0.370997966381765,0.772955450183386
Evapo,ET,mm,PF - SF[e],0.5,50% cover,15,0.112552554705875,-0.325074007676675,0.806161812898567
Evapo,ET,mm,PF - SF[e],0.5,50% cover,16,0,-0.325678370686705,0.772955450183386
Evapo,ET,mm,PF - SF[e],0.5,50% cover,17,0.112552554705875,-0.324230906623088,0.800238294580365
Evapo,ET,mm,PF - SF[e],0.5,50% cover,18,0,-0.319876416360703,0.577123383657072
Evapo,ET,mm,PF - SF[e],0.5,50% cover,19,0.112552554705875,-0.324209288647355,0.800238294580365
Evapo,ET,mm,PF - SF[e],0.5,50% cover,20,0,-0.31932187141524,0.564179679896377
Evapo,ET,mm,PF - SF[e],0.5,50% cover,21,0.112552554705875,-0.314434454183125,0.351844055676565
Evapo,ET,mm,PF - SF[e],0.5,50% cover,22,0,-0.267447319369667,0.339678419541091
Evapo,ET,mm,PF - SF[e],0.5,50% cover,23,0.112552554705875,-0.314434454183125,0.327512783405616
Evapo,ET,mm,PF - SF[e],0.5,50% cover,24,0,-0.261229785418434,0.264496394321331
Evapo,ET,mm,PF - SF[e],0.5,50% cover,25,0.112552554705875,-0.314434454183125,0.327512783405616
Evapo,ET,mm,PF - SF[e],0.5,50% cover,26,0,-0.261229785418434,0.264496394321331
Evapo,ET,mm,PF - SF[e],0.5,50% cover,27,0.112552554705875,-0.208025116653745,0.201480005237045
Evapo,ET,mm,PF - SF[e],0.5,50% cover,28,0,-0.160288835679809,0.15701627997146
Evapo,ET,mm,PF - SF[e],0.5,50% cover,29,0.112552554705875,-0.112552554705875,0.112552554705875
Evapo,ET,mm,PF - SF[e],0.5,50% cover,30,0,0,0
Evapo,ET,mm,PF - SF[e],0.75,75% cover,2,0.185139343254303,-2.98258512513987,2.90031127346244
Evapo,ET,mm,PF - SF[e],0.75,75% cover,3,0.127263687009652,-2.32501332596664,2.56219636527936
Evapo,ET,mm,PF - SF[e],0.75,75% cover,4,0.0208080843028284,-1.87981821156109,2.01832957292581
Evapo,ET,mm,PF - SF[e],0.75,75% cover,5,0.127263687009652,-1.52945353997394,1.66637051381056
Evapo,ET,mm,PF - SF[e],0.75,75% cover,6,-0.0416679375644407,-1.63946886757084,1.41676558049753
Evapo,ET,mm,PF - SF[e],0.75,75% cover,7,0.127263687009652,-1.50200809103964,1.54823403482325
Evapo,ET,mm,PF - SF[e],0.75,75% cover,8,0,-1.0685666438002,1.367200565282
Evapo,ET,mm,PF - SF[e],0.75,75% cover,9,-0.127263687009645,-0.834764458147092,1.18616709574076
Evapo,ET,mm,PF - SF[e],0.75,75% cover,10,0,-0.929258806298321,1.0317199862741
Evapo,ET,mm,PF - SF[e],0.75,75% cover,11,3.5527136788005e-15,-0.829277524971545,1.16263232250255
Evapo,ET,mm,PF - SF[e],0.75,75% cover,12,0,-0.69003007810088,0.91594806556541
Evapo,ET,mm,PF - SF[e],0.75,75% cover,13,-0.127263687009645,-0.829277524971545,0.893490741181658
Evapo,ET,mm,PF - SF[e],0.75,75% cover,14,0,-0.605023870881194,0.766735184022352
Evapo,ET,mm,PF - SF[e],0.75,75% cover,15,0.127263687009652,-0.636583341682921,0.893490741181658
Evapo,ET,mm,PF - SF[e],0.75,75% cover,16,0.00159330069515562,-0.605023870881194,0.766735184022352
Evapo,ET,mm,PF - SF[e],0.75,75% cover,17,0.127263687009652,-0.635125196560743,0.639979626863052
Evapo,ET,mm,PF - SF[e],0.75,75% cover,18,0,-0.507157183643986,0.585873944705875
Evapo,ET,mm,PF - SF[e],0.75,75% cover,19,0.127263687009652,-0.384165879878936,0.529208823416115
Evapo,ET,mm,PF - SF[e],0.75,75% cover,20,0,-0.469082784108245,0.431121499146582
Evapo,ET,mm,PF - SF[e],0.75,75% cover,21,0.127263687009652,-0.377731025605044,0.526368546404655
Evapo,ET,mm,PF - SF[e],0.75,75% cover,22,0,-0.340385698630399,0.424214019530808
Evapo,ET,mm,PF - SF[e],0.75,75% cover,23,-0.127263687009645,-0.303040371655747,0.322059492656955
Evapo,ET,mm,PF - SF[e],0.75,75% cover,24,0,-0.26024082934923,0.329251064277742
Evapo,ET,mm,PF - SF[e],0.75,75% cover,25,0.127263687009652,-0.303040371655747,0.322059492656955
Evapo,ET,mm,PF - SF[e],0.75,75% cover,26,0,-0.258185832700995,0.270881994591903
Evapo,ET,mm,PF - SF[e],0.75,75% cover,27,0.127263687009652,-0.213331293746244,0.219704496526859
Evapo,ET,mm,PF - SF[e],0.75,75% cover,28,0,-0.170297490377948,0.173484091768259
Evapo,ET,mm,PF - SF[e],0.75,75% cover,29,3.5527136788005e-15,-0.127263687009645,0.127263687009652
Evapo,ET,mm,PF - SF[e],0.75,75% cover,30,0,0,0
Evapo,ET,mm,PF - SF[i],0.25,25% cover,2,-0.331898284314098,-2.40589777893406,2.0059664892211
Evapo,ET,mm,PF - SF[i],0.25,25% cover,3,-0.06961081802595,-1.99530552944135,2.04683441775205
Evapo,ET,mm,PF - SF[i],0.25,25% cover,4,-0.182467602184147,-1.82753545996457,1.45900623633333
Evapo,ET,mm,PF - SF[i],0.25,25% cover,5,-0.06961081802595,-1.66814024609925,1.00197344431945
Evapo,ET,mm,PF - SF[i],0.25,25% cover,6,-0.198874253612651,-1.65451027835802,0.891891865418657
Evapo,ET,mm,PF - SF[i],0.25,25% cover,7,-0.06961081802595,-1.64030288833015,0.999722129307649
Evapo,ET,mm,PF - SF[i],0.25,25% cover,8,-0.120944516132802,-1.6518513340631,0.804614214529769
Evapo,ET,mm,PF - SF[i],0.25,25% cover,9,-0.06961081802595,-1.64030288833015,0.999722129307649
Evapo,ET,mm,PF - SF[i],0.25,25% cover,10,-0.0489907400522007,-1.58405433641635,0.557467475233678
Evapo,ET,mm,PF - SF[i],0.25,25% cover,11,-0.06961081802595,-1.52780578450255,0.43210343468645
Evapo,ET,mm,PF - SF[i],0.25,25% cover,12,-0.120944516132802,-1.39674705676235,0.396459827439483
Evapo,ET,mm,PF - SF[i],0.25,25% cover,13,-0.06961081802595,-1.52780578450255,0.330086958593252
Evapo,ET,mm,PF - SF[i],0.25,25% cover,14,-0.051333698106852,-1.21494712088325,0.360032229076813
Evapo,ET,mm,PF - SF[i],0.25,25% cover,15,-0.06961081802595,-1.14358572367385,0.330086958593252
Evapo,ET,mm,PF - SF[i],0.25,25% cover,16,-0.0291417002343977,-1.0228370904689,0.31029919698138
Evapo,ET,mm,PF - SF[i],0.25,25% cover,17,-0.06961081802595,-0.90208845726395,0.330086958593252
Evapo,ET,mm,PF - SF[i],0.25,25% cover,18,0,-0.732260955553944,0.308483914938854
Evapo,ET,mm,PF - SF[i],0.25,25% cover,19,0,-0.90208845726395,0.287961023467173
Evapo,ET,mm,PF - SF[i],0.25,25% cover,20,0,-0.713743727972748,0.296588622010824
Evapo,ET,mm,PF - SF[i],0.25,25% cover,21,-0.06961081802595,-0.55639340031485,0.286880871284453
Evapo,ET,mm,PF - SF[i],0.25,25% cover,22,0,-0.540896199498199,0.223672332798852
Evapo,ET,mm,PF - SF[i],0.25,25% cover,23,-0.06961081802595,-0.525398998681549,0.163624221237532
Evapo,ET,mm,PF - SF[i],0.25,25% cover,24,0,-0.349226036481016,0.201018704784432
Evapo,ET,mm,PF - SF[i],0.25,25% cover,25,0.06961081802595,-0.525398998681549,0.160463794313252
Evapo,ET,mm,PF - SF[i],0.25,25% cover,26,0,-0.3488386064606,0.137229304042052
Evapo,ET,mm,PF - SF[i],0.25,25% cover,27,-0.06961081802595,-0.17227821423965,0.113994813770852
Evapo,ET,mm,PF - SF[i],0.25,25% cover,28,0,-0.120944516132802,0.0918028158984008
Evapo,ET,mm,PF - SF[i],0.25,25% cover,29,0.06961081802595,-0.06961081802595,0.06961081802595
Evapo,ET,mm,PF - SF[i],0.25,25% cover,30,0,0,0
Evapo,ET,mm,PF - SF[i],0.5,50% cover,2,0.00366373983178248,-1.18921222295229,1.28897124581651
Evapo,ET,mm,PF - SF[i],0.5,50% cover,3,-0.11464326760597,-1.05281684912165,1.37405241208331
Evapo,ET,mm,PF - SF[i],0.5,50% cover,4,-0.0288303585372152,-0.836312993867549,1.05069910722444
Evapo,ET,mm,PF - SF[i],0.5,50% cover,5,-0.11464326760597,-0.76314187404432,0.81840366580378
Evapo,ET,mm,PF - SF[i],0.5,50% cover,6,-0.0642622518059852,-0.753886085154766,0.778276878375108
Evapo,ET,mm,PF - SF[i],0.5,50% cover,7,-0.11464326760597,-0.734216714348259,0.72734580236557
Evapo,ET,mm,PF - SF[i],0.5,50% cover,8,-0.0395856406832955,-0.641635061886043,0.673236297503398
Evapo,ET,mm,PF - SF[i],0.5,50% cover,9,-0.11464326760597,-0.652264509845875,0.72734580236557
Evapo,ET,mm,PF - SF[i],0.5,50% cover,10,0,-0.677096864682505,0.540858232459258
Evapo,ET,mm,PF - SF[i],0.5,50% cover,11,-0.11464326760597,-0.65016728200907,0.6140171292268
Evapo,ET,mm,PF - SF[i],0.5,50% cover,12,0.00532039101893478,-0.676953860997736,0.53691291307212
Evapo,ET,mm,PF - SF[i],0.5,50% cover,13,-0.11464326760597,-0.631763512813583,0.45980869691744
Evapo,ET,mm,PF - SF[i],0.5,50% cover,14,0,-0.625807419663892,0.40978204083786
Evapo,ET,mm,PF - SF[i],0.5,50% cover,15,-0.11464326760597,-0.620137333883739,0.35975538475828
Evapo,ET,mm,PF - SF[i],0.5,50% cover,16,-0.00967811005187746,-0.625571473904975,0.396650012900924
Evapo,ET,mm,PF - SF[i],0.5,50% cover,17,-0.11464326760597,-0.6198513265142,0.35975538475828
Evapo,ET,mm,PF - SF[i],0.5,50% cover,18,0,-0.554087379305891,0.357175466764626
Evapo,ET,mm,PF - SF[i],0.5,50% cover,19,-0.11464326760597,-0.6198513265142,0.35258376562706
Evapo,ET,mm,PF - SF[i],0.5,50% cover,20,0,-0.43150954886607,0.3427927724257
Evapo,ET,mm,PF - SF[i],0.5,50% cover,21,0.11464326760597,-0.4846575810925,0.35258376562706
Evapo,ET,mm,PF - SF[i],0.5,50% cover,22,0,-0.36391267615522,0.3427927724257
Evapo,ET,mm,PF - SF[i],0.5,50% cover,23,0.11464326760597,-0.24316777121794,0.33300177922434
Evapo,ET,mm,PF - SF[i],0.5,50% cover,24,0,-0.19826173951571,0.248499134537845
Evapo,ET,mm,PF - SF[i],0.5,50% cover,25,0.11464326760597,-0.24316777121794,0.33300177922434
Evapo,ET,mm,PF - SF[i],0.5,50% cover,26,0,-0.19826173951571,0.248499134537845
Evapo,ET,mm,PF - SF[i],0.5,50% cover,27,-0.11464326760597,-0.15335570781348,0.16399648985135
Evapo,ET,mm,PF - SF[i],0.5,50% cover,28,0,-0.133999487709725,0.13931987872866
Evapo,ET,mm,PF - SF[i],0.5,50% cover,29,-2.22044604925031e-16,-0.11464326760597,0.11464326760597
Evapo,ET,mm,PF - SF[i],0.5,50% cover,30,0,0,0
Evapo,ET,mm,PF - SF[i],0.75,75% cover,2,-0.146105417899392,-3.13757736150751,2.78677968447955
Evapo,ET,mm,PF - SF[i],0.75,75% cover,3,0.125867498284954,-2.67813660631884,2.11875809639024
Evapo,ET,mm,PF - SF[i],0.75,75% cover,4,-0.108703707324651,-2.7885564141712,1.7099948998471
Evapo,ET,mm,PF - SF[i],0.75,75% cover,5,-0.125867498284947,-2.67813660631884,1.70257552958556
Evapo,ET,mm,PF - SF[i],0.75,75% cover,6,-0.165033661535997,-1.94747721469729,1.30422845689019
Evapo,ET,mm,PF - SF[i],0.75,75% cover,7,0.125867498284954,-1.42215021332584,1.22115343936123
Evapo,ET,mm,PF - SF[i],0.75,75% cover,8,-0.165033661535997,-1.58172266426085,1.16474887076484
Evapo,ET,mm,PF - SF[i],0.75,75% cover,9,0.125867498284954,-1.26627137824729,1.17669273730935
Evapo,ET,mm,PF - SF[i],0.75,75% cover,10,-0.196044512220446,-1.24117776617171,1.07380107555986
Evapo,ET,mm,PF - SF[i],0.75,75% cover,11,0.125867498284954,-1.21681782307574,1.17669273730935
Evapo,ET,mm,PF - SF[i],0.75,75% cover,12,-0.219959691385199,-1.23954615405795,1.03953979012464
Evapo,ET,mm,PF - SF[i],0.75,75% cover,13,-0.125867498284947,-1.21681782307574,0.970063649241354
Evapo,ET,mm,PF - SF[i],0.75,75% cover,14,-0.208002101802823,-1.22523960895521,0.935357594727805
Evapo,ET,mm,PF - SF[i],0.75,75% cover,15,0.125867498284954,-1.21681782307574,0.900651540214255
Evapo,ET,mm,PF - SF[i],0.75,75% cover,16,-0.231899678831844,-1.20214444348319,0.831176671120758
Evapo,ET,mm,PF - SF[i],0.75,75% cover,17,-0.125867498284947,-1.18747106389065,0.692289693000156
Evapo,ET,mm,PF - SF[i],0.75,75% cover,18,-0.196044512220446,-1.14121131927175,0.739288511562506
Evapo,ET,mm,PF - SF[i],0.75,75% cover,19,-0.125867498284947,-1.18747106389065,0.692289693000156
Evapo,ET,mm,PF - SF[i],0.75,75% cover,20,0,-1.1265379396792,0.739288511562506
Evapo,ET,mm,PF - SF[i],0.75,75% cover,21,-0.125867498284947,-1.06865147167832,0.692289693000156
Evapo,ET,mm,PF - SF[i],0.75,75% cover,22,0,-0.927930002317495,0.464747824548762
Evapo,ET,mm,PF - SF[i],0.75,75% cover,23,0.125867498284954,-0.668388940744343,0.577925482910757
Evapo,ET,mm,PF - SF[i],0.75,75% cover,24,0,-0.866996878106043,0.409078595642555
Evapo,ET,mm,PF - SF[i],0.75,75% cover,25,-0.125867498284947,-0.668388940744343,0.577925482910757
Evapo,ET,mm,PF - SF[i],0.75,75% cover,26,0,-0.64447376157959,0.403197520442355
Evapo,ET,mm,PF - SF[i],0.75,75% cover,27,-0.125867498284947,-0.620558582414844,0.228469557973952
Evapo,ET,mm,PF - SF[i],0.75,75% cover,28,0,-0.373213040349896,0.177168528129457
Evapo,ET,mm,PF - SF[i],0.75,75% cover,29,-0.125867498284947,-0.125867498284947,0.125867498284954
Evapo,ET,mm,PF - SF[i],0.75,75% cover,30,0,0,0
Prec,Precipitation,mm,PF - SF[a],0.25,25% cover,2,-0.120982668340958,-5.20741255288553,4.25924204176288
Prec,Precipitation,mm,PF - SF[a],0.25,25% cover,3,-0.0159438827356555,-5.59635038690862,4.00429505938966
Prec,Precipitation,mm,PF - SF[a],0.25,25% cover,4,-0.0398797964902542,-4.41461198807535,3.36091356928965
Prec,Precipitation,mm,PF - SF[a],0.25,25% cover,5,-0.0057440077014235,-3.09940902855101,2.87537189702039
Prec,Precipitation,mm,PF - SF[a],0.25,25% cover,6,0.087447503838118,-3.38608492514186,2.69834150812536
Prec,Precipitation,mm,PF - SF[a],0.25,25% cover,7,-0.0057440077014235,-2.80297842650832,2.66256539544543
Prec,Precipitation,mm,PF - SF[a],0.25,25% cover,8,0,-2.44493707213653,2.2875859393978
Prec,Precipitation,mm,PF - SF[a],0.25,25% cover,9,-0.0057440077014235,-2.79537764184056,1.64195350839013
Prec,Precipitation,mm,PF - SF[a],0.25,25% cover,10,0.263315400023999,-1.75776388825861,1.98433194321092
Prec,Precipitation,mm,PF - SF[a],0.25,25% cover,11,0.0057440077014235,-2.58404105943396,1.6157839728246
Prec,Precipitation,mm,PF - SF[a],0.25,25% cover,12,0.290727900534875,-1.33306861358646,1.5186801969957
Prec,Precipitation,mm,PF - SF[a],0.25,25% cover,13,-0.0057440077014235,-0.672358059682893,1.45218143326361
Prec,Precipitation,mm,PF - SF[a],0.25,25% cover,14,0.263315400023999,-0.832461787281091,1.29817264598637
Prec,Precipitation,mm,PF - SF[a],0.25,25% cover,15,-0.0057440077014235,-0.672358059682893,1.4040055347466
Prec,Precipitation,mm,PF - SF[a],0.25,25% cover,16,0.104316433738177,-0.376058826331701,1.27468689545933
Prec,Precipitation,mm,PF - SF[a],0.25,25% cover,17,0.0057440077014235,-0.254659869112186,1.4040055347466
Prec,Precipitation,mm,PF - SF[a],0.25,25% cover,18,0,-0.458153859390223,1.27408469672787
Prec,Precipitation,mm,PF - SF[a],0.25,25% cover,19,-0.0057440077014235,-0.243949659097553,1.14416385870914
Prec,Precipitation,mm,PF - SF[a],0.25,25% cover,20,0,-0.378111202158164,0.996631013068241
Prec,Precipitation,mm,PF - SF[a],0.25,25% cover,21,0.0057440077014235,-0.243949659097553,1.14416385870914
Prec,Precipitation,mm,PF - SF[a],0.25,25% cover,22,0,-0.129946770916604,0.995708463034133
Prec,Precipitation,mm,PF - SF[a],0.25,25% cover,23,-0.0057440077014235,-0.0797595929805085,0.847253067359129
Prec,Precipitation,mm,PF - SF[a],0.25,25% cover,24,0,-0.130744467294665,0.902689626379699
Prec,Precipitation,mm,PF - SF[a],0.25,25% cover,25,0.0057440077014235,-0.0797595929805085,0.847253067359129
Prec,Precipitation,mm,PF - SF[a],0.25,25% cover,26,0,-0.047851737858082,0.754234230704694
Prec,Precipitation,mm,PF - SF[a],0.25,25% cover,27,0.0057440077014235,-0.0159438827356555,0.661215394050259
Prec,Precipitation,mm,PF - SF[a],0.25,25% cover,28,0,-0.0108439452185395,0.333479700875841
Prec,Precipitation,mm,PF - SF[a],0.25,25% cover,29,0.0057440077014235,-0.0057440077014235,0.0057440077014235
Prec,Precipitation,mm,PF - SF[a],0.25,25% cover,30,0,0,0
Prec,Precipitation,mm,PF - SF[a],0.5,50% cover,2,0.122046360738067,-2.63190085970424,2.65843453244304
Prec,Precipitation,mm,PF - SF[a],0.5,50% cover,3,0.159262149553115,-3.0922695513043,2.46004317733079
Prec,Precipitation,mm,PF - SF[a],0.5,50% cover,4,0.177656923445283,-1.91708144146842,2.11263198853428
Prec,Precipitation,mm,PF - SF[a],0.5,50% cover,5,0,-1.58366323000542,1.72408332348057
Prec,Precipitation,mm,PF - SF[a],0.5,50% cover,6,0.172357650149137,-1.2324164397885,1.61662414307532
Prec,Precipitation,mm,PF - SF[a],0.5,50% cover,7,0.159262149553115,-1.45948014290594,1.51909731982346
Prec,Precipitation,mm,PF - SF[a],0.5,50% cover,8,0.096769643544917,-1.15819731499871,1.55922573499954
Prec,Precipitation,mm,PF - SF[a],0.5,50% cover,9,-0.159262149553115,-0.905138388927075,1.45548637167417
Prec,Precipitation,mm,PF - SF[a],0.5,50% cover,10,0.0192572149558146,-0.978603253375667,1.34527261735115
Prec,Precipitation,mm,PF - SF[a],0.5,50% cover,11,0,-0.856914487091482,1.40430050367189
Prec,Precipitation,mm,PF - SF[a],0.5,50% cover,12,0.0559498679696144,-0.942578667875756,1.34737173213228
Prec,Precipitation,mm,PF - SF[a],0.5,50% cover,13,-0.159262149553115,-0.905138388927075,1.40298804551798
Prec,Precipitation,mm,PF - SF[a],0.5,50% cover,14,0.0366926530137999,-0.870074599930058,1.19524054684575
Prec,Precipitation,mm,PF - SF[a],0.5,50% cover,15,0.159262149553115,-0.834480883603425,1.23505886302815
Prec,Precipitation,mm,PF - SF[a],0.5,50% cover,16,0,-0.66494991434047,1.19524054684575
Prec,Precipitation,mm,PF - SF[a],0.5,50% cover,17,-0.159262149553115,-0.834480883603425,1.23505886302815
Prec,Precipitation,mm,PF - SF[a],0.5,50% cover,18,0,-0.6300790382245,1.11127595560083
Prec,Precipitation,mm,PF - SF[a],0.5,50% cover,19,-0.159262149553115,-0.495418945077515,0.987493048173516
Prec,Precipitation,mm,PF - SF[a],0.5,50% cover,20,0,-0.460548068961545,0.961836143406404
Prec,Precipitation,mm,PF - SF[a],0.5,50% cover,21,-0.159262149553115,-0.495418945077515,0.987493048173516
Prec,Precipitation,mm,PF - SF[a],0.5,50% cover,22,0,-0.433844250490737,0.835959743123861
Prec,Precipitation,mm,PF - SF[a],0.5,50% cover,23,-0.159262149553115,-0.425677192845575,0.680949843672124
Prec,Precipitation,mm,PF - SF[a],0.5,50% cover,24,0,-0.398288661080645,0.626698824286448
Prec,Precipitation,mm,PF - SF[a],0.5,50% cover,25,0.159262149553115,-0.370900129315714,0.680949843672124
Prec,Precipitation,mm,PF - SF[a],0.5,50% cover,26,0,-0.398288661080645,0.626698824286448
Prec,Precipitation,mm,PF - SF[a],0.5,50% cover,27,0.159262149553115,-0.370900129315714,0.572447804900774
Prec,Precipitation,mm,PF - SF[a],0.5,50% cover,28,0,-0.265081139434415,0.365854977226944
Prec,Precipitation,mm,PF - SF[a],0.5,50% cover,29,0.159262149553115,-0.159262149553115,0.159262149553115
Prec,Precipitation,mm,PF - SF[a],0.5,50% cover,30,0,0,0
Prec,Precipitation,mm,PF - SF[a],0.75,75% cover,2,0.347655417464577,-2.9518341674527,3.79867315635281
Prec,Precipitation,mm,PF - SF[a],0.75,75% cover,3,-0.11446523419636,-3.12339246604483,3.53224109882148
Prec,Precipitation,mm,PF - SF[a],0.75,75% cover,4,0.32248374222331,-2.52077250237978,3.28432719551087
Prec,Precipitation,mm,PF - SF[a],0.75,75% cover,5,-0.11446523419636,-2.18194629775781,3.30484669574434
Prec,Precipitation,mm,PF - SF[a],0.75,75% cover,6,0.0824108348074297,-2.03603014923632,2.94627912590731
Prec,Precipitation,mm,PF - SF[a],0.75,75% cover,7,0.114465234196359,-2.14197272097136,3.30484669574434
Prec,Precipitation,mm,PF - SF[a],0.75,75% cover,8,0,-2.03280119128431,2.89181462989161
Prec,Precipitation,mm,PF - SF[a],0.75,75% cover,9,-0.11446523419636,-2.14197272097136,3.05830189708695
Prec,Precipitation,mm,PF - SF[a],0.75,75% cover,10,0.0329385144566423,-1.94872503550458,2.8614960389739
Prec,Precipitation,mm,PF - SF[a],0.75,75% cover,11,-0.11446523419636,-1.8336388798166,2.41814538220345
Prec,Precipitation,mm,PF - SF[a],0.75,75% cover,12,0,-1.79240231606105,2.39722417052464
Prec,Precipitation,mm,PF - SF[a],0.75,75% cover,13,0.114465234196359,-1.7531698940947,2.37630295884582
Prec,Precipitation,mm,PF - SF[a],0.75,75% cover,14,0.0549523452428922,-1.54863067897064,2.25467232585358
Prec,Precipitation,mm,PF - SF[a],0.75,75% cover,15,0.114465234196359,-1.7511657523055,2.22459208352575
Prec,Precipitation,mm,PF - SF[a],0.75,75% cover,16,0.061456685231855,-1.49626058808008,2.20350062815919
Prec,Precipitation,mm,PF - SF[a],0.75,75% cover,17,0.114465234196359,-1.24924507543165,2.22459208352575
Prec,Precipitation,mm,PF - SF[a],0.75,75% cover,18,0,-1.20521741385915,2.12764519049915
Prec,Precipitation,mm,PF - SF[a],0.75,75% cover,19,0.114465234196359,-1.16118975228665,2.03069829747255
Prec,Precipitation,mm,PF - SF[a],0.75,75% cover,20,0,-0.779417827142492,1.74133892316013
Prec,Precipitation,mm,PF - SF[a],0.75,75% cover,21,-0.11446523419636,-1.16118975228665,2.03069829747255
Prec,Precipitation,mm,PF - SF[a],0.75,75% cover,22,0,-0.77831713560318,1.64439203013353
Prec,Precipitation,mm,PF - SF[a],0.75,75% cover,23,-4.44089209850063e-16,-0.39544451891971,1.25808576279451
Prec,Precipitation,mm,PF - SF[a],0.75,75% cover,24,0,-0.284956987811308,0.768686333302865
Prec,Precipitation,mm,PF - SF[a],0.75,75% cover,25,-0.11446523419636,-0.39544451891971,1.25808576279451
Prec,Precipitation,mm,PF - SF[a],0.75,75% cover,26,0,-0.27590902613361,0.768686333302865
Prec,Precipitation,mm,PF - SF[a],0.75,75% cover,27,0.114465234196359,-0.15637353334751,0.27928690381122
Prec,Precipitation,mm,PF - SF[a],0.75,75% cover,28,0,-0.135419383771936,0.196876069003789
Prec,Precipitation,mm,PF - SF[a],0.75,75% cover,29,0.114465234196359,-0.11446523419636,0.114465234196359
Prec,Precipitation,mm,PF - SF[a],0.75,75% cover,30,0,0,0
Prec,Precipitation,mm,PF - SF[e],0.25,25% cover,2,0.131532425887255,-3.13326493591694,5.44777858922951
Prec,Precipitation,mm,PF - SF[e],0.25,25% cover,3,-0.206115263861425,-2.94024475695012,6.1889878240247
Prec,Precipitation,mm,PF - SF[e],0.25,25% cover,4,0.0902543974259502,-2.25637374614417,4.06344840928886
Prec,Precipitation,mm,PF - SF[e],0.25,25% cover,5,-0.126286406491775,-2.47085989099856,3.20753272868599
Prec,Precipitation,mm,PF - SF[e],0.25,25% cover,6,0.209659208148875,-1.86739640282639,3.96992207941237
Prec,Precipitation,mm,PF - SF[e],0.25,25% cover,7,-0.126286406491775,-2.15544980208847,3.16751881265805
Prec,Precipitation,mm,PF - SF[e],0.25,25% cover,8,0.235255565570465,-1.55136870213364,2.78576434801574
Prec,Precipitation,mm,PF - SF[e],0.25,25% cover,9,-0.126286406491775,-1.57145775134154,2.40949900737569
Prec,Precipitation,mm,PF - SF[e],0.25,25% cover,10,0.138913621030265,-1.30452100346106,2.16017720082096
Prec,Precipitation,mm,PF - SF[e],0.25,25% cover,11,-0.126286406491775,-0.774074391654045,1.93790899455303
Prec,Precipitation,mm,PF - SF[e],0.25,25% cover,12,0.138913621030265,-0.704009322231919,1.93334494287789
Prec,Precipitation,mm,PF - SF[e],0.25,25% cover,13,-0.126286406491775,-0.774074391654045,1.93790899455303
Prec,Precipitation,mm,PF - SF[e],0.25,25% cover,14,0.0757114123844049,-0.704009322231919,1.83057616602469
Prec,Precipitation,mm,PF - SF[e],0.25,25% cover,15,-0.126286406491775,-0.632991619466565,1.74455019398443
Prec,Precipitation,mm,PF - SF[e],0.25,25% cover,16,0,-0.539366645601427,1.43982869841197
Prec,Precipitation,mm,PF - SF[e],0.25,25% cover,17,-0.126286406491775,-0.445374712863895,1.74455019398443
Prec,Precipitation,mm,PF - SF[e],0.25,25% cover,18,0,-0.53918316616523,1.34378356053549
Prec,Precipitation,mm,PF - SF[e],0.25,25% cover,19,2.22044604925031e-16,-0.445374712863895,0.963055258758997
Prec,Precipitation,mm,PF - SF[e],0.25,25% cover,20,0,-0.53918316616523,1.34378356053549
Prec,Precipitation,mm,PF - SF[e],0.25,25% cover,21,0.126286406491775,-0.445374712863895,0.943016927086545
Prec,Precipitation,mm,PF - SF[e],0.25,25% cover,22,0,-0.382172504218035,0.878258670702505
Prec,Precipitation,mm,PF - SF[e],0.25,25% cover,23,-0.126286406491775,-0.322130406004467,0.813500414318465
Prec,Precipitation,mm,PF - SF[e],0.25,25% cover,24,0,-0.382172504218035,0.769907232359626
Prec,Precipitation,mm,PF - SF[e],0.25,25% cover,25,0.126286406491775,-0.318970295572175,0.813500414318465
Prec,Precipitation,mm,PF - SF[e],0.25,25% cover,26,0,-0.262542779716799,0.705148975975585
Prec,Precipitation,mm,PF - SF[e],0.25,25% cover,27,0.126286406491775,-0.206115263861425,0.596797537632705
Prec,Precipitation,mm,PF - SF[e],0.25,25% cover,28,0,-0.1662008351766,0.36154197206224
Prec,Precipitation,mm,PF - SF[e],0.25,25% cover,29,0.126286406491775,-0.126286406491775,0.126286406491775
Prec,Precipitation,mm,PF - SF[e],0.25,25% cover,30,0,0,0
Prec,Precipitation,mm,PF - SF[e],0.5,50% cover,2,0.34401466383008,-3.22919512980043,4.79440490638417
Prec,Precipitation,mm,PF - SF[e],0.5,50% cover,3,-0.11750432717622,-3.0745148151284,4.51856514435963
Prec,Precipitation,mm,PF - SF[e],0.5,50% cover,4,-0.0743857852473853,-2.77992734536646,3.9840541236641
Prec,Precipitation,mm,PF - SF[e],0.5,50% cover,5,-0.11750432717622,-2.83219069629172,4.05731827879094
Prec,Precipitation,mm,PF - SF[e],0.5,50% cover,6,0.0441963627445152,-2.6094149908317,3.23802230246044
Prec,Precipitation,mm,PF - SF[e],0.5,50% cover,7,-0.11750432717622,-2.72160589147029,2.60599493287359
Prec,Precipitation,mm,PF - SF[e],0.5,50% cover,8,-0.12880558430288,-1.92993856904801,2.39055956041828
Prec,Precipitation,mm,PF - SF[e],0.5,50% cover,9,-0.11750432717622,-1.92919620035044,2.47582827154952
Prec,Precipitation,mm,PF - SF[e],0.5,50% cover,10,-0.12880558430288,-2.00832418512199,2.00399011309212
Prec,Precipitation,mm,PF - SF[e],0.5,50% cover,11,-0.11750432717622,-1.91470227035757,2.19428300416371
Prec,Precipitation,mm,PF - SF[e],0.5,50% cover,12,0,-1.60487237456563,1.79001161145303
Prec,Precipitation,mm,PF - SF[e],0.5,50% cover,13,-0.11750432717622,-1.35133344745077,1.53192675212472
Prec,Precipitation,mm,PF - SF[e],0.5,50% cover,14,0,-1.32950839431297,1.47992855412963
Prec,Precipitation,mm,PF - SF[e],0.5,50% cover,15,0.11750432717622,-1.29359912060249,1.4305302660343
Prec,Precipitation,mm,PF - SF[e],0.5,50% cover,16,0,-1.25364267577311,1.47992855412963
Prec,Precipitation,mm,PF - SF[e],0.5,50% cover,17,-0.11750432717622,-1.29359912060249,1.42793035613454
Prec,Precipitation,mm,PF - SF[e],0.5,50% cover,18,0,-1.22301080444504,1.40496110111303
Prec,Precipitation,mm,PF - SF[e],0.5,50% cover,19,-0.11750432717622,-1.15242248828758,1.38199184609152
Prec,Precipitation,mm,PF - SF[e],0.5,50% cover,20,0,-0.983211317854965,1.01311957305598
Prec,Precipitation,mm,PF - SF[e],0.5,50% cover,21,0.11750432717622,-0.81400014742235,1.38199184609152
Prec,Precipitation,mm,PF - SF[e],0.5,50% cover,22,0,-0.983211317854965,0.990150318034466
Prec,Precipitation,mm,PF - SF[e],0.5,50% cover,23,0.11750432717622,-0.81400014742235,0.59830878997741
Prec,Precipitation,mm,PF - SF[e],0.5,50% cover,24,0,-0.858099275389898,0.752026143690527
Prec,Precipitation,mm,PF - SF[e],0.5,50% cover,25,0.11750432717622,-0.81400014742235,0.59830878997741
Prec,Precipitation,mm,PF - SF[e],0.5,50% cover,26,0,-0.685680103868435,0.449028840843086
Prec,Precipitation,mm,PF - SF[e],0.5,50% cover,27,0.11750432717622,-0.55736006031452,0.29974889170876
Prec,Precipitation,mm,PF - SF[e],0.5,50% cover,28,0,-0.33743219374537,0.20862660944249
Prec,Precipitation,mm,PF - SF[e],0.5,50% cover,29,0.11750432717622,-0.11750432717622,0.11750432717622
Prec,Precipitation,mm,PF - SF[e],0.5,50% cover,30,0,0,0
Prec,Precipitation,mm,PF - SF[e],0.75,75% cover,2,0.54497502475044,-2.51038651933719,4.45862368086925
Prec,Precipitation,mm,PF - SF[e],0.75,75% cover,3,-0.0484100233807103,-2.0264792061862,3.29897117596374
Prec,Precipitation,mm,PF - SF[e],0.75,75% cover,4,0.566561660017097,-1.74262523629751,3.07519155018722
Prec,Precipitation,mm,PF - SF[e],0.75,75% cover,5,0.0484100233807103,-1.45877126640881,3.18241084371038
Prec,Precipitation,mm,PF - SF[e],0.75,75% cover,6,0.560599098740905,-1.21284053453109,2.66415448655729
Prec,Precipitation,mm,PF - SF[e],0.75,75% cover,7,-0.0484100233807103,-0.96817775311001,2.77440440828286
Prec,Precipitation,mm,PF - SF[e],0.75,75% cover,8,0.545167181655753,-1.13107361358209,2.37194684154329
Prec,Precipitation,mm,PF - SF[e],0.75,75% cover,9,-0.0484100233807103,-0.946538029169503,2.77440440828286
Prec,Precipitation,mm,PF - SF[e],0.75,75% cover,10,0.512184093495075,-0.658217160917751,2.36955220287268
Prec,Precipitation,mm,PF - SF[e],0.75,75% cover,11,0,-0.94598316445308,2.47359121966292
Prec,Precipitation,mm,PF - SF[e],0.75,75% cover,12,0.190165725862015,-0.594664707041554,2.1433207389701
Prec,Precipitation,mm,PF - SF[e],0.75,75% cover,13,-0.0484100233807103,-0.80461221245059,1.9646999974625
Prec,Precipitation,mm,PF - SF[e],0.75,75% cover,14,0.533992665466935,-0.587254252558295,1.89329204072195
Prec,Precipitation,mm,PF - SF[e],0.75,75% cover,15,0,-0.380764190660614,1.9646999974625
Prec,Precipitation,mm,PF - SF[e],0.75,75% cover,16,0.533992665466935,-0.52235679459113,1.64781497331621
Prec,Precipitation,mm,PF - SF[e],0.75,75% cover,17,0.0484100233807103,-0.369896292666,1.80916180342638
Prec,Precipitation,mm,PF - SF[e],0.75,75% cover,18,0,-0.304998834698835,1.64587074589076
Prec,Precipitation,mm,PF - SF[e],0.75,75% cover,19,-0.0484100233807103,-0.24010137673167,1.48257968835514
Prec,Precipitation,mm,PF - SF[e],0.75,75% cover,20,0,-0.244966600997011,1.38919954869188
Prec,Precipitation,mm,PF - SF[e],0.75,75% cover,21,0.0484100233807103,-0.24010137673167,1.48257968835514
Prec,Precipitation,mm,PF - SF[e],0.75,75% cover,22,0,-0.20033842695807,1.38643408240705
Prec,Precipitation,mm,PF - SF[e],0.75,75% cover,23,0.0484100233807103,-0.16057547718447,1.29028847645895
Prec,Precipitation,mm,PF - SF[e],0.75,75% cover,24,0,-0.20033842695807,1.23761607031679
Prec,Precipitation,mm,PF - SF[e],0.75,75% cover,25,-0.0484100233807103,-0.16057547718447,1.29028847645895
Prec,Precipitation,mm,PF - SF[e],0.75,75% cover,26,0,-0.13876690521261,1.23761607031679
Prec,Precipitation,mm,PF - SF[e],0.75,75% cover,27,-0.0484100233807103,-0.11695833324075,1.18494366417462
Prec,Precipitation,mm,PF - SF[e],0.75,75% cover,28,0,-0.0826841783107302,0.616676843777666
Prec,Precipitation,mm,PF - SF[e],0.75,75% cover,29,0,-0.0484100233807103,0.0484100233807103
Prec,Precipitation,mm,PF - SF[e],0.75,75% cover,30,0,0,0
Prec,Precipitation,mm,PF - SF[i],0.25,25% cover,2,0.24976013705043,-2.84646586213368,4.33888329711571
Prec,Precipitation,mm,PF - SF[i],0.25,25% cover,3,-0.15987709654246,-2.41160226226429,4.10846546791689
Prec,Precipitation,mm,PF - SF[i],0.25,25% cover,4,0.14953657339288,-1.83176959045779,3.87626957086539
Prec,Precipitation,mm,PF - SF[i],0.25,25% cover,5,-0.15987709654246,-1.69008576849494,3.81871876799862
Prec,Precipitation,mm,PF - SF[i],0.25,25% cover,6,0.0990783968534272,-1.42452141978856,3.62979098524388
Prec,Precipitation,mm,PF - SF[i],0.25,25% cover,7,-0.15987709654246,-1.24913787064133,3.655388790703
Prec,Precipitation,mm,PF - SF[i],0.25,25% cover,8,0.0442920826583295,-1.17328601887617,2.77997991475286
Prec,Precipitation,mm,PF - SF[i],0.25,25% cover,9,-0.15987709654246,-1.12767699707638,3.60029495014351
Prec,Precipitation,mm,PF - SF[i],0.25,25% cover,10,0.0329907799009548,-1.13881401056754,2.42555267941765
Prec,Precipitation,mm,PF - SF[i],0.25,25% cover,11,0.15987709654246,-1.12767699707638,1.59192515080895
Prec,Precipitation,mm,PF - SF[i],0.25,25% cover,12,0.0442920826583295,-1.07523116270318,1.57331745782267
Prec,Precipitation,mm,PF - SF[i],0.25,25% cover,13,0.15987709654246,-1.05950843763773,1.59192515080895
Prec,Precipitation,mm,PF - SF[i],0.25,25% cover,14,0.0499537417049396,-0.995051633883126,1.48135266221871
Prec,Precipitation,mm,PF - SF[i],0.25,25% cover,15,0.15987709654246,-0.932342741909,1.18697003628313
Prec,Precipitation,mm,PF - SF[i],0.25,25% cover,16,0,-0.834027471163093,1.38944759354604
Prec,Precipitation,mm,PF - SF[i],0.25,25% cover,17,-0.15987709654246,-0.932342741909,1.18697003628313
Prec,Precipitation,mm,PF - SF[i],0.25,25% cover,18,0,-0.771318579188967,1.13049953561585
Prec,Precipitation,mm,PF - SF[i],0.25,25% cover,19,-0.15987709654246,-0.932342741909,1.18697003628313
Prec,Precipitation,mm,PF - SF[i],0.25,25% cover,20,0,-0.771318579188967,1.13049953561585
Prec,Precipitation,mm,PF - SF[i],0.25,25% cover,21,-0.15987709654246,-0.654805302513521,1.07402903494858
Prec,Precipitation,mm,PF - SF[i],0.25,25% cover,22,0,-0.63197920710604,1.03617666832974
Prec,Precipitation,mm,PF - SF[i],0.25,25% cover,23,-0.15987709654246,-0.609153111698561,0.99832430171091
Prec,Precipitation,mm,PF - SF[i],0.25,25% cover,24,0,-0.63197920710604,0.848977098528536
Prec,Precipitation,mm,PF - SF[i],0.25,25% cover,25,-0.15987709654246,-0.609153111698561,0.705251952632614
Prec,Precipitation,mm,PF - SF[i],0.25,25% cover,26,0,-0.603491452651951,0.848030789363065
Prec,Precipitation,mm,PF - SF[i],0.25,25% cover,27,-0.15987709654246,-0.597829793605341,0.69773727701522
Prec,Precipitation,mm,PF - SF[i],0.25,25% cover,28,0,-0.378853445073901,0.428807186778839
Prec,Precipitation,mm,PF - SF[i],0.25,25% cover,29,-0.15987709654246,-0.15987709654246,0.15987709654246
Prec,Precipitation,mm,PF - SF[i],0.25,25% cover,30,0,0,0
Prec,Precipitation,mm,PF - SF[i],0.5,50% cover,2,0.268231439830857,-3.0712564220812,4.07007202930492
Prec,Precipitation,mm,PF - SF[i],0.5,50% cover,3,0.000835074451740026,-2.80428425560899,3.58482893792348
Prec,Precipitation,mm,PF - SF[i],0.5,50% cover,4,0.111654401277066,-2.31797744851633,3.23727597670663
Prec,Precipitation,mm,PF - SF[i],0.5,50% cover,5,0.000835074451740026,-2.37895240567651,2.87721531281955
Prec,Precipitation,mm,PF - SF[i],0.5,50% cover,6,0.0563124690042951,-2.01457000421824,2.71397416315108
Prec,Precipitation,mm,PF - SF[i],0.5,50% cover,7,0.0176412058315201,-2.05540177703756,2.6913105887586
Prec,Precipitation,mm,PF - SF[i],0.5,50% cover,8,0.0563124690042951,-1.8234008361402,2.45049650204721
Prec,Precipitation,mm,PF - SF[i],0.5,50% cover,9,0.000835074451740026,-1.59946556990757,2.25614723761087
Prec,Precipitation,mm,PF - SF[i],0.5,50% cover,10,0.00840306568989013,-1.77603586020253,2.18966737834057
Prec,Precipitation,mm,PF - SF[i],0.5,50% cover,11,0.000835074451740026,-1.58777489792988,2.20954301863071
Prec,Precipitation,mm,PF - SF[i],0.5,50% cover,12,0,-1.43138457534815,1.9593786742052
Prec,Precipitation,mm,PF - SF[i],0.5,50% cover,13,0.000835074451740026,-1.43467051722723,2.20954301863071
Prec,Precipitation,mm,PF - SF[i],0.5,50% cover,14,0.00420153284494507,-1.1982248155686,1.91637199418707
Prec,Precipitation,mm,PF - SF[i],0.5,50% cover,15,0.000835074451740026,-1.43467051722723,2.16979173805044
Prec,Precipitation,mm,PF - SF[i],0.5,50% cover,16,0,-1.11897181384733,1.91587510317982
Prec,Precipitation,mm,PF - SF[i],0.5,50% cover,17,0.000835074451740026,-1.17244240076502,1.6619584683092
Prec,Precipitation,mm,PF - SF[i],0.5,50% cover,18,0,-1.19552400419866,1.91587510317982
Prec,Precipitation,mm,PF - SF[i],0.5,50% cover,19,0.000835074451740026,-1.17244240076502,1.6619584683092
Prec,Precipitation,mm,PF - SF[i],0.5,50% cover,20,0,-0.98785775561623,1.02125562810035
Prec,Precipitation,mm,PF - SF[i],0.5,50% cover,21,0.000835074451740026,-0.80327311046744,1.03655198547426
Prec,Precipitation,mm,PF - SF[i],0.5,50% cover,22,0,-0.533742509820285,0.706694416327992
Prec,Precipitation,mm,PF - SF[i],0.5,50% cover,23,-0.000835074451740026,-0.26421190917313,0.37683684718172
Prec,Precipitation,mm,PF - SF[i],0.5,50% cover,24,0,-0.533742509820285,0.205275389093031
Prec,Precipitation,mm,PF - SF[i],0.5,50% cover,25,0.000835074451740026,-0.26421190917313,0.37683684718172
Prec,Precipitation,mm,PF - SF[i],0.5,50% cover,26,0,-0.210859551164275,0.19723902650662
Prec,Precipitation,mm,PF - SF[i],0.5,50% cover,27,0.000835074451740026,-0.15750719315542,0.0176412058315201
Prec,Precipitation,mm,PF - SF[i],0.5,50% cover,28,0,-0.0791711338035801,0.00923814014162994
Prec,Precipitation,mm,PF - SF[i],0.5,50% cover,29,-0.000835074451740026,-0.000835074451740026,0.000835074451740026
Prec,Precipitation,mm,PF - SF[i],0.5,50% cover,30,0,0,0
Prec,Precipitation,mm,PF - SF[i],0.75,75% cover,2,-0.0881543285015605,-2.89993442688456,3.75293447946456
Prec,Precipitation,mm,PF - SF[i],0.75,75% cover,3,0.3678544891593,-3.22383577923642,3.1599229392901
Prec,Precipitation,mm,PF - SF[i],0.75,75% cover,4,-0.0228750619654652,-2.78936143386978,2.47564547682182
Prec,Precipitation,mm,PF - SF[i],0.75,75% cover,5,-0.3678544891593,-3.16199328115022,2.16324578567287
Prec,Precipitation,mm,PF - SF[i],0.75,75% cover,6,-0.0161536905590078,-2.78169511095621,2.45457492159312
Prec,Precipitation,mm,PF - SF[i],0.75,75% cover,7,0.3678544891593,-2.41672958658933,2.13640399685345
Prec,Precipitation,mm,PF - SF[i],0.75,75% cover,8,0.061959146337472,-2.25469793355359,2.15006959100089
Prec,Precipitation,mm,PF - SF[i],0.75,75% cover,9,-0.3678544891593,-2.33955444267599,2.13571574585808
Prec,Precipitation,mm,PF - SF[i],0.75,75% cover,10,0,-1.98840132897385,1.71313280858998
Prec,Precipitation,mm,PF - SF[i],0.75,75% cover,11,-2.22044604925031e-16,-1.63724821527171,1.48938841785753
Prec,Precipitation,mm,PF - SF[i],0.75,75% cover,12,0,-1.8617920150466,1.43330725098463
Prec,Precipitation,mm,PF - SF[i],0.75,75% cover,13,-0.3678544891593,-1.63724821527171,1.48938841785753
Prec,Precipitation,mm,PF - SF[i],0.75,75% cover,14,0,-1.39940261764084,1.37654825017999
Prec,Precipitation,mm,PF - SF[i],0.75,75% cover,15,-0.3678544891593,-1.63724821527171,1.29398104893358
Prec,Precipitation,mm,PF - SF[i],0.75,75% cover,16,0,-1.31383078936202,1.37616013522575
Prec,Precipitation,mm,PF - SF[i],0.75,75% cover,17,-0.3678544891593,-1.15453815808883,1.29398104893358
Prec,Precipitation,mm,PF - SF[i],0.75,75% cover,18,0,-1.13267067308601,1.27845645076377
Prec,Precipitation,mm,PF - SF[i],0.75,75% cover,19,0.3678544891593,-0.986205035384731,1.26293185259397
Prec,Precipitation,mm,PF - SF[i],0.75,75% cover,20,0,-0.806832106691592,1.07932021029592
Prec,Precipitation,mm,PF - SF[i],0.75,75% cover,21,0.3678544891593,-0.986205035384731,0.904889150112774
Prec,Precipitation,mm,PF - SF[i],0.75,75% cover,22,0,-0.804727942657791,1.07932021029592
Prec,Precipitation,mm,PF - SF[i],0.75,75% cover,23,0.3678544891593,-0.986205035384731,0.904889150112774
Prec,Precipitation,mm,PF - SF[i],0.75,75% cover,24,0,-0.804727942657791,1.03438279557281
Prec,Precipitation,mm,PF - SF[i],0.75,75% cover,25,0.3678544891593,-0.623250849930851,0.89570856799787
Prec,Precipitation,mm,PF - SF[i],0.75,75% cover,26,0,-0.541302793476006,0.850771153274764
Prec,Precipitation,mm,PF - SF[i],0.75,75% cover,27,0.3678544891593,-0.459354737021161,0.80583373855166
Prec,Precipitation,mm,PF - SF[i],0.75,75% cover,28,0,-0.41360461309023,0.58684411385548
Prec,Precipitation,mm,PF - SF[i],0.75,75% cover,29,-0.3678544891593,-0.3678544891593,0.3678544891593
Prec,Precipitation,mm,PF - SF[i],0.75,75% cover,30,0,0,0
Temp,LST,°C,PF - SF[a],0.25,25% cover,2,-0.000943374140987718,-0.00889816649976918,0.00558043143639253
Temp,LST,°C,PF - SF[a],0.25,25% cover,3,-0.000174109477506984,-0.00809974468953298,0.00494913218889302
Temp,LST,°C,PF - SF[a],0.25,25% cover,4,-0.000623409888791976,-0.00663011630959098,0.00336156966693191
Temp,LST,°C,PF - SF[a],0.25,25% cover,5,-0.000174109477506984,-0.00516048792964899,0.00394307317445602
Temp,LST,°C,PF - SF[a],0.25,25% cover,6,-0.000476960056066955,-0.00503912238237765,0.00262519571860708
Temp,LST,°C,PF - SF[a],0.25,25% cover,7,-0.000174109477506984,-0.00498319788125698,0.00316049061090103
Temp,LST,°C,PF - SF[a],0.25,25% cover,8,-0.000402399021637218,-0.00495185449601536,0.00202521607127804
Temp,LST,°C,PF - SF[a],0.25,25% cover,9,-0.000174109477506984,-0.00491607885956397,0.00130217756258103
Temp,LST,°C,PF - SF[a],0.25,25% cover,10,-0.000198544530137484,-0.00412038546339374,0.00157524310218604
Temp,LST,°C,PF - SF[a],0.25,25% cover,11,-0.000174109477506984,-0.00491607885956397,0.00110868795006093
Temp,LST,°C,PF - SF[a],0.25,25% cover,12,-2.44350526305004e-05,-0.00358608826713946,0.00121225939481111
Temp,LST,°C,PF - SF[a],0.25,25% cover,13,-0.000174109477506984,-0.00332132300704496,0.00110372667794503
Temp,LST,°C,PF - SF[a],0.25,25% cover,14,-2.44350526305004e-05,-0.00283248334807839,0.00109873186144665
Temp,LST,°C,PF - SF[a],0.25,25% cover,15,-0.000174109477506984,-0.00228272830802321,0.00110372667794503
Temp,LST,°C,PF - SF[a],0.25,25% cover,16,0,-0.00246532042807281,0.000882581788278085
Temp,LST,°C,PF - SF[a],0.25,25% cover,17,-0.000174109477506984,-0.00225609767471496,0.000889941531655031
Temp,LST,°C,PF - SF[a],0.25,25% cover,18,0,-0.00242320668630197,0.000698019427754092
Temp,LST,°C,PF - SF[a],0.25,25% cover,19,-0.000174109477506984,-0.00154336554828788,0.000501746555228028
Temp,LST,°C,PF - SF[a],0.25,25% cover,20,0,-0.00184737667763859,0.000675966842799025
Temp,LST,°C,PF - SF[a],0.25,25% cover,21,-0.000174109477506984,-0.00152509036555898,0.000501746555228028
Temp,LST,°C,PF - SF[a],0.25,25% cover,22,0,-0.00148076488607346,0.000481869354585523
Temp,LST,°C,PF - SF[a],0.25,25% cover,23,-0.000174109477506984,-0.00143865568056224,0.000461992153943019
Temp,LST,°C,PF - SF[a],0.25,25% cover,24,0,-0.00148076488607346,0.000370131370959037
Temp,LST,°C,PF - SF[a],0.25,25% cover,25,0.000174109477507012,-0.00143643940658797,0.000282863627124228
Temp,LST,°C,PF - SF[a],0.25,25% cover,26,0,-0.000829709494677977,0.000370131370959037
Temp,LST,°C,PF - SF[a],0.25,25% cover,27,-0.000174109477506984,-0.000222979582767985,0.000278270587975027
Temp,LST,°C,PF - SF[a],0.25,25% cover,28,0,-0.000198544530137484,0.000226190032741019
Temp,LST,°C,PF - SF[a],0.25,25% cover,29,-0.000174109477506984,-0.000174109477506984,0.000174109477507012
Temp,LST,°C,PF - SF[a],0.25,25% cover,30,0,0,0
Temp,LST,°C,PF - SF[a],0.5,50% cover,2,-0.000439073474699302,-0.00490465919964334,0.00417568267657803
Temp,LST,°C,PF - SF[a],0.5,50% cover,3,-7.8643593271352e-05,-0.00528208455079415,0.00490535318245037
Temp,LST,°C,PF - SF[a],0.5,50% cover,4,-0.000645698240633756,-0.00417736638850006,0.003542607486958
Temp,LST,°C,PF - SF[a],0.5,50% cover,5,-7.8643593271352e-05,-0.00314894777569385,0.00272153242528535
Temp,LST,°C,PF - SF[a],0.5,50% cover,6,-0.000114874473965201,-0.0031098198015975,0.00274222213645635
Temp,LST,°C,PF - SF[a],0.5,50% cover,7,-7.8643593271352e-05,-0.00307069182750115,0.00272153242528535
Temp,LST,°C,PF - SF[a],0.5,50% cover,8,-0.000360619835798354,-0.00303826835398421,0.00200456878863832
Temp,LST,°C,PF - SF[a],0.5,50% cover,9,-7.8643593271352e-05,-0.00300388848176245,0.00169124710059262
Temp,LST,°C,PF - SF[a],0.5,50% cover,10,-3.31976292074279e-05,-0.00233546942406384,0.00161071286916367
Temp,LST,°C,PF - SF[a],0.5,50% cover,11,-1.73472347597681e-18,-0.00218471711230175,0.00156252825829264
Temp,LST,°C,PF - SF[a],0.5,50% cover,12,0,-0.00185957569005787,0.0014266473872672
Temp,LST,°C,PF - SF[a],0.5,50% cover,13,-7.8643593271352e-05,-0.00166538028272175,0.00168808573634215
Temp,LST,°C,PF - SF[a],0.5,50% cover,14,0,-0.0016047201905747,0.00142158332458059
Temp,LST,°C,PF - SF[a],0.5,50% cover,15,-7.8643593271352e-05,-0.00166538028272175,0.00155930883577855
Temp,LST,°C,PF - SF[a],0.5,50% cover,16,-1.01635349034762e-05,-0.0015352293517844,0.00141997361332355
Temp,LST,°C,PF - SF[a],0.5,50% cover,17,-7.8643593271352e-05,-0.00153107667768815,0.00128063839086855
Temp,LST,°C,PF - SF[a],0.5,50% cover,18,0,-0.0014664621870004,0.000888311705752546
Temp,LST,°C,PF - SF[a],0.5,50% cover,19,-7.8643593271352e-05,-0.00140184769631265,0.000495985020636545
Temp,LST,°C,PF - SF[a],0.5,50% cover,20,0,-0.00128351797798392,0.000313026284968748
Temp,LST,°C,PF - SF[a],0.5,50% cover,21,-7.8643593271352e-05,-0.00140184769631265,0.000495985020636545
Temp,LST,°C,PF - SF[a],0.5,50% cover,22,0,-0.00121722469223325,0.000303218117840846
Temp,LST,°C,PF - SF[a],0.5,50% cover,23,7.86435932713485e-05,-0.00103260168815385,0.000110451215045146
Temp,LST,°C,PF - SF[a],0.5,50% cover,24,0,-0.00121722469223325,0.000105281417126671
Temp,LST,°C,PF - SF[a],0.5,50% cover,25,-1.73472347597681e-18,-0.00103260168815385,0.000110451215045146
Temp,LST,°C,PF - SF[a],0.5,50% cover,26,0,-0.000591853521406456,0.000100613907131099
Temp,LST,°C,PF - SF[a],0.5,50% cover,27,-7.8643593271352e-05,-0.000151105354659054,9.07765992170483e-05
Temp,LST,°C,PF - SF[a],0.5,50% cover,28,0,-0.000114874473965201,8.47100962441984e-05
Temp,LST,°C,PF - SF[a],0.5,50% cover,29,-7.8643593271352e-05,-7.8643593271352e-05,7.86435932713485e-05
Temp,LST,°C,PF - SF[a],0.5,50% cover,30,0,0,0
Temp,LST,°C,PF - SF[a],0.75,75% cover,2,-0.000316459850555506,-0.00860880828475549,0.0138081614491076
Temp,LST,°C,PF - SF[a],0.75,75% cover,3,9.59251569629949e-05,-0.00803245321192343,0.010019233075738
Temp,LST,°C,PF - SF[a],0.75,75% cover,4,-0.000126171878639988,-0.00705390687163656,0.00870561526988788
Temp,LST,°C,PF - SF[a],0.75,75% cover,5,9.59251569629949e-05,-0.006773927828501,0.0081174799145484
Temp,LST,°C,PF - SF[a],0.75,75% cover,6,5.98759905140189e-05,-0.00628278925612878,0.00691372273152284
Temp,LST,°C,PF - SF[a],0.75,75% cover,7,0,-0.00608007524026309,0.006280936754433
Temp,LST,°C,PF - SF[a],0.75,75% cover,8,-4.49099724857405e-05,-0.0061217218254655,0.00550019687140878
Temp,LST,°C,PF - SF[a],0.75,75% cover,9,9.59251569629949e-05,-0.00587712261305701,0.00572678192244802
Temp,LST,°C,PF - SF[a],0.75,75% cover,10,-0.000594265861641491,-0.0056756337369335,0.00525808451243603
Temp,LST,°C,PF - SF[a],0.75,75% cover,11,-9.59251569629949e-05,-0.00587712261305701,0.00477700892223601
Temp,LST,°C,PF - SF[a],0.75,75% cover,12,-0.000652793767496496,-0.00461567752918599,0.0042251102287068
Temp,LST,°C,PF - SF[a],0.75,75% cover,13,-9.59251569629949e-05,-0.00453090068964499,0.00471798129777301
Temp,LST,°C,PF - SF[a],0.75,75% cover,14,-0.000623529814568993,-0.00394025204828999,0.00422437238340101
Temp,LST,°C,PF - SF[a],0.75,75% cover,15,-9.59251569629949e-05,-0.00337913583900274,0.00373076346902901
Temp,LST,°C,PF - SF[a],0.75,75% cover,16,-0.000594265861641491,-0.00348979535125409,0.00308768633520801
Temp,LST,°C,PF - SF[a],0.75,75% cover,17,9.59251569629949e-05,-0.00334960340693499,0.00151422567505267
Temp,LST,°C,PF - SF[a],0.75,75% cover,18,0,-0.00289751906396951,0.00258716663961353
Temp,LST,°C,PF - SF[a],0.75,75% cover,19,-9.59251569629949e-05,-0.002445434721004,0.001457391372643
Temp,LST,°C,PF - SF[a],0.75,75% cover,20,0,-0.00249478053240687,0.001450303391902
Temp,LST,°C,PF - SF[a],0.75,75% cover,21,-9.59251569629949e-05,-0.002445434721004,0.001457391372643
Temp,LST,°C,PF - SF[a],0.75,75% cover,22,0,-0.00209976089765002,0.001450303391902
Temp,LST,°C,PF - SF[a],0.75,75% cover,23,-9.59251569629949e-05,-0.0017713707654637,0.00144321541116102
Temp,LST,°C,PF - SF[a],0.75,75% cover,24,0,-0.00204269618944136,0.001450303391902
Temp,LST,°C,PF - SF[a],0.75,75% cover,25,9.59251569629949e-05,-0.001754087074296,0.00144321541116102
Temp,LST,°C,PF - SF[a],0.75,75% cover,26,0,-0.001695559168441,0.000945857475232015
Temp,LST,°C,PF - SF[a],0.75,75% cover,27,9.59251569629949e-05,-0.00163703126258599,0.00044849953930301
Temp,LST,°C,PF - SF[a],0.75,75% cover,28,0,-0.000866478209774479,0.000272212348133016
Temp,LST,°C,PF - SF[a],0.75,75% cover,29,9.59251569629949e-05,-9.59251569629949e-05,9.59251569629949e-05
Temp,LST,°C,PF - SF[a],0.75,75% cover,30,0,0,0
Temp,LST,°C,PF - SF[e],0.25,25% cover,2,-0.000710776955650652,-0.013498219897017,0.00624389207438832
Temp,LST,°C,PF - SF[e],0.25,25% cover,3,-0.000578863255857001,-0.007138904971313,0.00513215490777746
Temp,LST,°C,PF - SF[e],0.25,25% cover,4,-0.000681567015481832,-0.00728732599636709,0.00597841441735882
Temp,LST,°C,PF - SF[e],0.25,25% cover,5,-0.000578863255857001,-0.00578998967521099,0.00476028813737403
Temp,LST,°C,PF - SF[e],0.25,25% cover,6,-0.000644494925731876,-0.00503150226290187,0.00425394367215354
Temp,LST,°C,PF - SF[e],0.25,25% cover,7,-0.000578863255857001,-0.00562540418003001,0.00424061423206525
Temp,LST,°C,PF - SF[e],0.25,25% cover,8,-0.00041962401974957,-0.0047494459794615,0.00333825387147723
Temp,LST,°C,PF - SF[e],0.25,25% cover,9,-0.000578863255857001,-0.00423833820112,0.00424061423206525
Temp,LST,°C,PF - SF[e],0.25,25% cover,10,0,-0.00390912408937436,0.0033030322250305
Temp,LST,°C,PF - SF[e],0.25,25% cover,11,-0.000578863255857001,-0.003873487778893,0.004197633587431
Temp,LST,°C,PF - SF[e],0.25,25% cover,12,0,-0.00390912408937436,0.0032509294137846
Temp,LST,°C,PF - SF[e],0.25,25% cover,13,0.000578863255857001,-0.003578070523986,0.00230422524013821
Temp,LST,°C,PF - SF[e],0.25,25% cover,14,0,-0.0033624862292355,0.00270801706864282
Temp,LST,°C,PF - SF[e],0.25,25% cover,15,-0.000578863255857001,-0.003578070523986,0.00156627213498931
Temp,LST,°C,PF - SF[e],0.25,25% cover,16,0,-0.00278825064557971,0.00192450468455264
Temp,LST,°C,PF - SF[e],0.25,25% cover,17,0,-0.00285148467957799,0.00154735026049831
Temp,LST,°C,PF - SF[e],0.25,25% cover,18,-2.02878651922589e-06,-0.00242622730373108,0.00154857497448838
Temp,LST,°C,PF - SF[e],0.25,25% cover,19,-0.000578863255857001,-0.00209999719560369,0.00154478412896709
Temp,LST,°C,PF - SF[e],0.25,25% cover,20,0,-0.00205004674342783,0.00137740711207238
Temp,LST,°C,PF - SF[e],0.25,25% cover,21,-0.000578863255857001,-0.00209999719560369,0.00154484828225537
Temp,LST,°C,PF - SF[e],0.25,25% cover,22,0,-0.00204921398138855,0.00137740711207238
Temp,LST,°C,PF - SF[e],0.25,25% cover,23,-0.000578863255857001,-0.0019984307671734,0.00154478412896709
Temp,LST,°C,PF - SF[e],0.25,25% cover,24,0,-0.00204921398138855,0.00126942575952565
Temp,LST,°C,PF - SF[e],0.25,25% cover,25,-0.000578863255857001,-0.0019984307671734,0.00120996594188941
Temp,LST,°C,PF - SF[e],0.25,25% cover,26,0,-0.00129270458455365,0.00109924873583546
Temp,LST,°C,PF - SF[e],0.25,25% cover,27,-0.000578863255857001,-0.000586978401933905,0.000988531529781497
Temp,LST,°C,PF - SF[e],0.25,25% cover,28,0,-0.000582920828895453,0.000783697392819249
Temp,LST,°C,PF - SF[e],0.25,25% cover,29,-0.000578863255857001,-0.000578863255857001,0.000578863255857001
Temp,LST,°C,PF - SF[e],0.25,25% cover,30,0,0,0
Temp,LST,°C,PF - SF[e],0.5,50% cover,2,0.00152847101234775,-0.00876969110876674,0.00873014827973988
Temp,LST,°C,PF - SF[e],0.5,50% cover,3,3.1687404879549e-05,-0.00611416270637295,0.00824974902661246
Temp,LST,°C,PF - SF[e],0.5,50% cover,4,0.000670382649267325,-0.00538746826305308,0.00729908605727936
Temp,LST,°C,PF - SF[e],0.5,50% cover,5,3.1687404879549e-05,-0.00530727220549385,0.00695482038268656
Temp,LST,°C,PF - SF[e],0.5,50% cover,6,0.000815468647203055,-0.00473153054522318,0.00660931968657208
Temp,LST,°C,PF - SF[e],0.5,50% cover,7,3.1687404879549e-05,-0.00464419693804705,0.00648230407146325
Temp,LST,°C,PF - SF[e],0.5,50% cover,8,0.00065453894682755,-0.00335398574403353,0.00621815051816763
Temp,LST,°C,PF - SF[e],0.5,50% cover,9,3.1687404879549e-05,-0.00333637510066075,0.00594649942638284
Temp,LST,°C,PF - SF[e],0.5,50% cover,10,0.000373809782391953,-0.00226319152812869,0.00593142434444079
Temp,LST,°C,PF - SF[e],0.5,50% cover,11,3.1687404879549e-05,-0.00182711213370545,0.0059301546682068
Temp,LST,°C,PF - SF[e],0.5,50% cover,12,0.000342122377512404,-0.00230502589609215,0.00545638650198721
Temp,LST,°C,PF - SF[e],0.5,50% cover,13,0,-0.00136253716407375,0.00563492089825425
Temp,LST,°C,PF - SF[e],0.5,50% cover,14,0,-0.00158886855953535,0.00529910453161085
Temp,LST,°C,PF - SF[e],0.5,50% cover,15,0,-0.00127560039886959,0.00563492089825425
Temp,LST,°C,PF - SF[e],0.5,50% cover,16,0,-0.00126935461680792,0.0039710981324994
Temp,LST,°C,PF - SF[e],0.5,50% cover,17,3.1687404879549e-05,-0.00127367669152355,0.00496328816496745
Temp,LST,°C,PF - SF[e],0.5,50% cover,18,0,-0.00117173674973776,0.003635281765856
Temp,LST,°C,PF - SF[e],0.5,50% cover,19,0,-0.00118588957021795,0.00230727536674455
Temp,LST,°C,PF - SF[e],0.5,50% cover,20,0,-0.0010868941568294,0.003635281765856
Temp,LST,°C,PF - SF[e],0.5,50% cover,21,-3.1687404879549e-05,-0.000992848514110279,0.00230727536674455
Temp,LST,°C,PF - SF[e],0.5,50% cover,22,0,-0.0010868941568294,0.0018188709678153
Temp,LST,°C,PF - SF[e],0.5,50% cover,23,-3.1687404879549e-05,-0.000987898743440851,0.00230727536674455
Temp,LST,°C,PF - SF[e],0.5,50% cover,24,0,-0.000840423849282949,0.0018188709678153
Temp,LST,°C,PF - SF[e],0.5,50% cover,25,-3.1687404879549e-05,-0.000692948955125047,0.00133046656888605
Temp,LST,°C,PF - SF[e],0.5,50% cover,26,0,-0.000840423849282949,0.0010231993643952
Temp,LST,°C,PF - SF[e],0.5,50% cover,27,-3.1687404879549e-05,-0.000692948955125047,0.000715932159904349
Temp,LST,°C,PF - SF[e],0.5,50% cover,28,0,-0.000362318180002298,0.000373809782391953
Temp,LST,°C,PF - SF[e],0.5,50% cover,29,-3.1687404879549e-05,-3.1687404879549e-05,3.1687404879549e-05
Temp,LST,°C,PF - SF[e],0.5,50% cover,30,0,0,0
Temp,LST,°C,PF - SF[e],0.75,75% cover,2,-0.000773119195675256,-0.00850145247467501,0.0119221879825211
Temp,LST,°C,PF - SF[e],0.75,75% cover,3,-0.000152827162816505,-0.00877734110701151,0.0069922882738655
Temp,LST,°C,PF - SF[e],0.75,75% cover,4,-0.000832598258029754,-0.0071515174318775,0.00543680591166049
Temp,LST,°C,PF - SF[e],0.75,75% cover,5,-0.000152827162816505,-0.0055256937567435,0.00420391475114197
Temp,LST,°C,PF - SF[e],0.75,75% cover,6,-0.000566839060194016,-0.00489425804820351,0.0043535231117034
Temp,LST,°C,PF - SF[e],0.75,75% cover,7,-0.000152827162816505,-0.0047341423221865,0.0038944503261415
Temp,LST,°C,PF - SF[e],0.75,75% cover,8,-0.000268637034985753,-0.004127666649447,0.00339259844599485
Temp,LST,°C,PF - SF[e],0.75,75% cover,9,0.000152827162816505,-0.00426282233966352,0.0038813235494555
Temp,LST,°C,PF - SF[e],0.75,75% cover,10,-0.000213238008882011,-0.00379855354839537,0.00279745352932207
Temp,LST,°C,PF - SF[e],0.75,75% cover,11,0.000152827162816505,-0.00369728951207352,0.00273683442995148
Temp,LST,°C,PF - SF[e],0.75,75% cover,12,-0.000426078232720506,-0.00360924024439049,0.00260619827697697
Temp,LST,°C,PF - SF[e],0.75,75% cover,13,-0.000152827162816505,-0.0035211909767075,0.00247556212400249
Temp,LST,°C,PF - SF[e],0.75,75% cover,14,0,-0.0026202535062565,0.00209440873188699
Temp,LST,°C,PF - SF[e],0.75,75% cover,15,0.000152827162816505,-0.0035211909767075,0.00247556212400249
Temp,LST,°C,PF - SF[e],0.75,75% cover,16,0,-0.00262245473794857,0.00209440873188699
Temp,LST,°C,PF - SF[e],0.75,75% cover,17,0.000152827162816505,-0.0017193160358055,0.00171325533977149
Temp,LST,°C,PF - SF[e],0.75,75% cover,18,0,-0.00251922173528399,0.00140666160211937
Temp,LST,°C,PF - SF[e],0.75,75% cover,19,0.000152827162816505,-0.0017193160358055,0.00109681632348424
Temp,LST,°C,PF - SF[e],0.75,75% cover,20,0,-0.00162375238495621,0.00118961354907395
Temp,LST,°C,PF - SF[e],0.75,75% cover,21,0.000152827162816505,-0.0017193160358055,0.00108101019486148
Temp,LST,°C,PF - SF[e],0.75,75% cover,22,0,-0.00161828426483299,0.000868169971022986
Temp,LST,°C,PF - SF[e],0.75,75% cover,23,0.000152827162816505,-0.0015172524938605,0.000655329747184491
Temp,LST,°C,PF - SF[e],0.75,75% cover,24,0,-0.001512369353243,0.000431632299759982
Temp,LST,°C,PF - SF[e],0.75,75% cover,25,-0.000152827162816505,-0.0015074862126255,0.000219119724706728
Temp,LST,°C,PF - SF[e],0.75,75% cover,26,0,-0.001512369353243,0.000431632299759982
Temp,LST,°C,PF - SF[e],0.75,75% cover,27,-0.000152827162816505,-0.0015074862126255,0.000207934852335501
Temp,LST,°C,PF - SF[e],0.75,75% cover,28,0,-0.00083015668772099,0.000180381007576003
Temp,LST,°C,PF - SF[e],0.75,75% cover,29,0.000152827162816505,-0.000152827162816505,0.000152827162816505
Temp,LST,°C,PF - SF[e],0.75,75% cover,30,0,0,0
Temp,LST,°C,PF - SF[i],0.25,25% cover,2,-0.000293832916305498,-0.0110259497252844,0.0067554861465602
Temp,LST,°C,PF - SF[i],0.25,25% cover,3,0.000828389796778989,-0.00817075356054001,0.00417901479998599
Temp,LST,°C,PF - SF[i],0.25,25% cover,4,0.000786908647151995,-0.00656256544284765,0.00415218871639515
Temp,LST,°C,PF - SF[i],0.25,25% cover,5,0.000461367314817995,-0.00752824068676856,0.004144514918176
Temp,LST,°C,PF - SF[i],0.25,25% cover,6,0.000631467560680492,-0.0057191409688866,0.00395588890201818
Temp,LST,°C,PF - SF[i],0.25,25% cover,7,0.000461367314817995,-0.00751491746694001,0.003943259461823
Temp,LST,°C,PF - SF[i],0.25,25% cover,8,0.000183511240980483,-0.00501145711099068,0.00395573215164949
Temp,LST,°C,PF - SF[i],0.25,25% cover,9,0.000461367314817995,-0.00391773055107801,0.003980744870971
Temp,LST,°C,PF - SF[i],0.25,25% cover,10,0.000183511240980483,-0.00348145464526656,0.00388777149790133
Temp,LST,°C,PF - SF[i],0.25,25% cover,11,0.000461367314817995,-0.003042854614799,0.00379131296310099
Temp,LST,°C,PF - SF[i],0.25,25% cover,12,0.000183511240980483,-0.0029799252268011,0.00377913117411199
Temp,LST,°C,PF - SF[i],0.25,25% cover,13,0.000461367314817995,-0.003042854614799,0.00379131296310099
Temp,LST,°C,PF - SF[i],0.25,25% cover,14,0.000129238650690748,-0.00250304329036308,0.00377913117411199
Temp,LST,°C,PF - SF[i],0.25,25% cover,15,0.000461367314817995,-0.003042854614799,0.00376694938512299
Temp,LST,°C,PF - SF[i],0.25,25% cover,16,0.000183511240980483,-0.00250304329036308,0.0036698432498565
Temp,LST,°C,PF - SF[i],0.25,25% cover,17,0.000461367314817995,-0.00203648598276901,0.00357273711459
Temp,LST,°C,PF - SF[i],0.25,25% cover,18,0.000183511240980483,-0.00165847111614192,0.00354850705179499
Temp,LST,°C,PF - SF[i],0.25,25% cover,19,0.000461367314817995,-0.00196135365780301,0.003330064718467
Temp,LST,°C,PF - SF[i],0.25,25% cover,20,0,-0.00161217549970651,0.00342266811424199
Temp,LST,°C,PF - SF[i],0.25,25% cover,21,-0.000461367314818009,-0.00126299734161001,0.003330064718467
Temp,LST,°C,PF - SF[i],0.25,25% cover,22,0,-0.00137772086406908,0.0033013319161805
Temp,LST,°C,PF - SF[i],0.25,25% cover,23,-6.93889390390723e-18,-0.00126299734161001,0.00327259911389399
Temp,LST,°C,PF - SF[i],0.25,25% cover,24,0,-0.00103219747527051,0.00210977987408694
Temp,LST,°C,PF - SF[i],0.25,25% cover,25,-0.000461367314818009,-0.00126299734161001,0.00327259911389399
Temp,LST,°C,PF - SF[i],0.25,25% cover,26,0,-0.00102760355191051,0.00205049445533649
Temp,LST,°C,PF - SF[i],0.25,25% cover,27,0.000461367314817995,-0.000792209762211005,0.000828389796778989
Temp,LST,°C,PF - SF[i],0.25,25% cover,28,0,-0.0006267885385145,0.000644878555798492
Temp,LST,°C,PF - SF[i],0.25,25% cover,29,-0.000461367314818009,-0.000461367314818009,0.000461367314817995
Temp,LST,°C,PF - SF[i],0.25,25% cover,30,0,0,0
Temp,LST,°C,PF - SF[i],0.5,50% cover,2,-0.000253476556125051,-0.00532267427740633,0.00581559814316181
Temp,LST,°C,PF - SF[i],0.5,50% cover,3,-9.96134698087944e-05,-0.00440327838852109,0.00458715630260011
Temp,LST,°C,PF - SF[i],0.5,50% cover,4,-1.18267690813953e-05,-0.00339559902373757,0.00384028726277095
Temp,LST,°C,PF - SF[i],0.5,50% cover,5,9.96134698088014e-05,-0.0032304840393192,0.00310694806753954
Temp,LST,°C,PF - SF[i],0.5,50% cover,6,2.94150883286548e-05,-0.00278030256441466,0.00280620395304022
Temp,LST,°C,PF - SF[i],0.5,50% cover,7,9.96134698088014e-05,-0.00288132241223769,0.0021473919960666
Temp,LST,°C,PF - SF[i],0.5,50% cover,8,0,-0.00227023008801835,0.00187207007296617
Temp,LST,°C,PF - SF[i],0.5,50% cover,9,-9.96134698087944e-05,-0.0023115998624857,0.00161590822341434
Temp,LST,°C,PF - SF[i],0.5,50% cover,10,-2.86927942383455e-05,-0.00159412526401863,0.00148698919366518
Temp,LST,°C,PF - SF[i],0.5,50% cover,11,3.46944695195361e-18,-0.0022146172498072,0.0016148813485817
Temp,LST,°C,PF - SF[i],0.5,50% cover,12,0,-0.0013671832400402,0.00142098389935266
Temp,LST,°C,PF - SF[i],0.5,50% cover,13,9.96134698088014e-05,-0.000893879827824419,0.0016148813485817
Temp,LST,°C,PF - SF[i],0.5,50% cover,14,0,-0.0011592547518302,0.00142098389935266
Temp,LST,°C,PF - SF[i],0.5,50% cover,15,-9.96134698087944e-05,-0.000606566582058897,0.00123678132258506
Temp,LST,°C,PF - SF[i],0.5,50% cover,16,0,-0.000643688191214302,0.00102303053219191
Temp,LST,°C,PF - SF[i],0.5,50% cover,17,3.46944695195361e-18,-0.000606566582058897,0.000818974614260205
Temp,LST,°C,PF - SF[i],0.5,50% cover,18,0,-0.00051593467979747,0.000723012259342518
Temp,LST,°C,PF - SF[i],0.5,50% cover,19,9.96134698088014e-05,-0.000427361616706301,0.000435732261225404
Temp,LST,°C,PF - SF[i],0.5,50% cover,20,0,-0.000514666599826796,0.000560412967006506
Temp,LST,°C,PF - SF[i],0.5,50% cover,21,-9.96134698087944e-05,-0.000422766617594696,0.000435732261225404
Temp,LST,°C,PF - SF[i],0.5,50% cover,22,0,-0.000385962506836549,0.000368791790489105
Temp,LST,°C,PF - SF[i],0.5,50% cover,23,-9.96134698087944e-05,-0.000349158396078395,0.000301851319752806
Temp,LST,°C,PF - SF[i],0.5,50% cover,24,0,-0.000347745644146108,0.000324555752166958
Temp,LST,°C,PF - SF[i],0.5,50% cover,25,9.96134698088014e-05,-0.000349158396078395,0.000301851319752806
Temp,LST,°C,PF - SF[i],0.5,50% cover,26,0,-0.000309961613831795,0.000257615281430659
Temp,LST,°C,PF - SF[i],0.5,50% cover,27,-9.96134698087944e-05,-0.000270764831585196,0.000213379243108505
Temp,LST,°C,PF - SF[i],0.5,50% cover,28,0,-0.000185189150696999,0.000156496356458653
Temp,LST,°C,PF - SF[i],0.5,50% cover,29,9.96134698088014e-05,-9.96134698087944e-05,9.96134698088014e-05
Temp,LST,°C,PF - SF[i],0.5,50% cover,30,0,0,0
Temp,LST,°C,PF - SF[i],0.75,75% cover,2,0.00051265483734024,-0.00697006268250213,0.0143182349770847
Temp,LST,°C,PF - SF[i],0.75,75% cover,3,4.26364696755055e-05,-0.00661464436325748,0.0084424894616193
Temp,LST,°C,PF - SF[i],0.75,75% cover,4,0.000317909685030995,-0.00466857560326302,0.00797347143587764
Temp,LST,°C,PF - SF[i],0.75,75% cover,5,4.26364696755055e-05,-0.0044329785751355,0.0073265001402725
Temp,LST,°C,PF - SF[i],0.75,75% cover,6,0,-0.00396342764982702,0.0067200349848684
Temp,LST,°C,PF - SF[i],0.75,75% cover,7,4.26364696755055e-05,-0.00369072925458276,0.00635036145312251
Temp,LST,°C,PF - SF[i],0.75,75% cover,8,0.00023439789153501,-0.003588698064176,0.00539051864039527
Temp,LST,°C,PF - SF[i],0.75,75% cover,9,4.26364696755055e-05,-0.00348888612769449,0.00442894837292951
Temp,LST,°C,PF - SF[i],0.75,75% cover,10,-8.48894469850092e-06,-0.00337587851406304,0.004712475199044
Temp,LST,°C,PF - SF[i],0.75,75% cover,11,4.26364696755055e-05,-0.00326365544920967,0.00442894837292951
Temp,LST,°C,PF - SF[i],0.75,75% cover,12,0,-0.00327045898082817,0.00397542812412499
Temp,LST,°C,PF - SF[i],0.75,75% cover,13,4.26364696755055e-05,-0.00326365544920967,0.0035219078753205
Temp,LST,°C,PF - SF[i],0.75,75% cover,14,0,-0.00320898083846183,0.00276111016391793
Temp,LST,°C,PF - SF[i],0.75,75% cover,15,4.26364696755055e-05,-0.00305203183396185,0.0021272115978305
Temp,LST,°C,PF - SF[i],0.75,75% cover,16,0,-0.00315231698584051,0.00196674743406863
Temp,LST,°C,PF - SF[i],0.75,75% cover,17,4.26364696755055e-05,-0.0030467536680735,0.0021272115978305
Temp,LST,°C,PF - SF[i],0.75,75% cover,18,0,-0.00298640591482,0.00194931373060001
Temp,LST,°C,PF - SF[i],0.75,75% cover,19,4.26364696755055e-05,-0.00292605816156649,0.00178031075673104
Temp,LST,°C,PF - SF[i],0.75,75% cover,20,0,-0.00211433912093301,0.00194931373060001
Temp,LST,°C,PF - SF[i],0.75,75% cover,21,0,-0.00292605816156649,0.00177141586336951
Temp,LST,°C,PF - SF[i],0.75,75% cover,22,0,-0.00211433912093301,0.00143071699701852
Temp,LST,°C,PF - SF[i],0.75,75% cover,23,4.26364696755055e-05,-0.00130262008029949,0.00110705307398506
Temp,LST,°C,PF - SF[i],0.75,75% cover,24,0,-0.00121329699488049,0.00121912455963052
Temp,LST,°C,PF - SF[i],0.75,75% cover,25,4.26364696755055e-05,-0.00130262008029949,0.0010900181306675
Temp,LST,°C,PF - SF[i],0.75,75% cover,26,0,-0.00121329699488049,0.000878425693279505
Temp,LST,°C,PF - SF[i],0.75,75% cover,27,4.26364696755055e-05,-0.00112397390946151,0.000666833255891508
Temp,LST,°C,PF - SF[i],0.75,75% cover,28,0,-0.000583305189568506,0.000354734862783507
Temp,LST,°C,PF - SF[i],0.75,75% cover,29,-4.26364696755055e-05,-4.26364696755055e-05,4.26364696755055e-05
Temp,LST,°C,PF - SF[i],0.75,75% cover,30,0,0,0
