region;response;contrast_type;frac_plot;frac_bin;stage;median;lower;upper;n_runs;significant
SBA;Evapo;Spatially adjusted;0,01;;SF[e];155,177105195192;143,572044517393;168,268983697881;30;TRUE
SBA;Evapo;Spatially adjusted;0,01;;SF[i];151,834656365791;138,624074291352;165,504001664555;30;TRUE
SBA;Evapo;Spatially adjusted;0,01;;SF[a];140,069908056385;127,139961310689;150,324078711368;30;TRUE
SBA;Evapo;Spatially adjusted;0,030204;;SF[e];149,074971073485;138,610281216276;161,752932579154;30;TRUE
SBA;Evapo;Spatially adjusted;0,030204;;SF[i];145,602093099828;133,435498393999;158,607151837934;30;TRUE
SBA;Evapo;Spatially adjusted;0,030204;;SF[a];133,418799728112;121,791674345986;143,890499617142;30;TRUE
SBA;Evapo;Spatially adjusted;0,050408;;SF[e];143,392225866815;133,580277176907;155,222707233708;30;TRUE
SBA;Evapo;Spatially adjusted;0,050408;;SF[i];139,283133851007;128,479896979459;151,698301454341;30;TRUE
SBA;Evapo;Spatially adjusted;0,050408;;SF[a];127,003810164167;116,421865253561;137,074393198782;30;TRUE
SBA;Evapo;Spatially adjusted;0,070612;;SF[e];137,735723787109;128,624204092042;148,664133434824;30;TRUE
SBA;Evapo;Spatially adjusted;0,070612;;SF[i];132,942062486776;123,486353957532;144,765449956804;30;TRUE
SBA;Evapo;Spatially adjusted;0,070612;;SF[a];120,558380705225;110,470131307459;130,084329299158;30;TRUE
SBA;Evapo;Spatially adjusted;0,090816;;SF[e];131,861680799739;123,622520450118;142,063036955781;30;TRUE
SBA;Evapo;Spatially adjusted;0,090816;;SF[i];126,610418070661;118,435898524528;137,79659678835;30;TRUE
SBA;Evapo;Spatially adjusted;0,090816;;SF[a];114,31874281267;104,035332544672;123,049851346804;30;TRUE
SBA;Evapo;Spatially adjusted;0,11102;;SF[e];125,849015391047;118,323797783409;135,405243569862;30;TRUE
SBA;Evapo;Spatially adjusted;0,11102;;SF[i];120,651065848709;113,309559876753;130,779741392006;30;TRUE
SBA;Evapo;Spatially adjusted;0,11102;;SF[a];108,306813590982;98,0207017329678;115,956154657475;30;TRUE
SBA;Evapo;Spatially adjusted;0,131224;;SF[e];119,320290525868;112,889071833144;128,676579050346;30;TRUE
SBA;Evapo;Spatially adjusted;0,131224;;SF[i];114,587027277439;108,088367210514;123,702883210801;30;TRUE
SBA;Evapo;Spatially adjusted;0,131224;;SF[a];101,803507206533;92,0335027850104;109,473697952682;30;TRUE
SBA;Evapo;Spatially adjusted;0,151429;;SF[e];113,103083207303;107,356759511699;121,862869170514;30;TRUE
SBA;Evapo;Spatially adjusted;0,151429;;SF[i];108,80595497219;101,415311402845;116,554021687762;30;TRUE
SBA;Evapo;Spatially adjusted;0,151429;;SF[a];95,1821405659753;85,9601501595024;102,981812374872;30;TRUE
SBA;Evapo;Spatially adjusted;0,171633;;SF[e];107,013205892691;101,713518566423;115,311769319251;30;TRUE
SBA;Evapo;Spatially adjusted;0,171633;;SF[i];102,703269444697;94,3828786919461;109,533533654574;30;TRUE
SBA;Evapo;Spatially adjusted;0,171633;;SF[a];88,2418486965507;79,4589887432678;96,3302102855223;30;TRUE
SBA;Evapo;Spatially adjusted;0,191837;;SF[e];100,520128975069;95,805830578344;108,6502939815;30;TRUE
SBA;Evapo;Spatially adjusted;0,191837;;SF[i];96,3375312200093;88,0277779661021;102,933308131085;30;TRUE
SBA;Evapo;Spatially adjusted;0,191837;;SF[a];81,3602764789446;72,6533912609655;89,496075040127;30;TRUE
SBA;Evapo;Spatially adjusted;0,212041;;SF[e];94,0847743785818;88,9875751058932;101,830852873145;30;TRUE
SBA;Evapo;Spatially adjusted;0,212041;;SF[i];89,8869064493782;81,5879412891409;96,1920058752004;30;TRUE
SBA;Evapo;Spatially adjusted;0,212041;;SF[a];74,6920261549577;65,7562160185913;82,4565899941807;30;TRUE
SBA;Evapo;Spatially adjusted;0,232245;;SF[e];87,2898618928549;82,0949308460228;94,8358942418972;30;TRUE
SBA;Evapo;Spatially adjusted;0,232245;;SF[i];83,4654755815332;75,0539535553832;89,2939516944312;30;TRUE
SBA;Evapo;Spatially adjusted;0,232245;;SF[a];67,5874700168669;58,7572877094703;75,1889385031774;30;TRUE
SBA;Evapo;Spatially adjusted;0,252449;;SF[e];80,7886196300719;75,1028308483939;87,491583388077;30;TRUE
SBA;Evapo;Spatially adjusted;0,252449;;SF[i];76,7274622723044;68,4163996591488;81,9064954160707;30;TRUE
SBA;Evapo;Spatially adjusted;0,252449;;SF[a];60,237665845776;51,6464310269283;67,6703039226119;30;TRUE
SBA;Evapo;Spatially adjusted;0,272653;;SF[e];73,9588610488847;68,0022336823013;79,9921499707144;30;TRUE
SBA;Evapo;Spatially adjusted;0,272653;;SF[i];69,678635959972;61,444144847762;74,7921500914592;30;TRUE
SBA;Evapo;Spatially adjusted;0,272653;;SF[a];52,5624455436968;44,1682365128297;59,8778696079779;30;TRUE
SBA;Evapo;Spatially adjusted;0,292857;;SF[e];66,8121312920792;60,7840979170394;73,0972329200898;30;TRUE
SBA;Evapo;Spatially adjusted;0,292857;;SF[i];62,3289770559321;54,186397061871;67,6926426831306;30;TRUE
SBA;Evapo;Spatially adjusted;0,292857;;SF[a];44,7493381411641;36,5350123031136;51,7888189147703;30;TRUE
SBA;Evapo;Spatially adjusted;0,313061;;SF[e];59,5873023884976;53,4393821219031;65,5750912138263;30;TRUE
SBA;Evapo;Spatially adjusted;0,313061;;SF[i];54,6170136211173;46,8677099848635;60,3153675833458;30;TRUE
SBA;Evapo;Spatially adjusted;0,313061;;SF[a];36,6159984382817;28,8019642799712;43,4435709631014;30;TRUE
SBA;Evapo;Spatially adjusted;0,333265;;SF[e];52,0290151851937;45,9590448661872;57,7377125229468;30;TRUE
SBA;Evapo;Spatially adjusted;0,333265;;SF[i];46,5064006443261;39,4439151440133;52,6404842427153;30;TRUE
SBA;Evapo;Spatially adjusted;0,333265;;SF[a];28,5444924164264;20,9619621710151;35,0723821222923;30;TRUE
SBA;Evapo;Spatially adjusted;0,353469;;SF[e];44,286061697007;38,3439198042971;49,5795925372327;30;TRUE
SBA;Evapo;Spatially adjusted;0,353469;;SF[i];38,5275276313327;31,8613878465463;44,6614480640859;30;TRUE
SBA;Evapo;Spatially adjusted;0,353469;;SF[a];20,191471965387;13,0164032256136;26,5137140232461;30;TRUE
SBA;Evapo;Spatially adjusted;0,373673;;SF[e];36,335919165006;30,6343409310843;41,1572729014909;30;TRUE
SBA;Evapo;Spatially adjusted;0,373673;;SF[i];30,6675465458482;24,2570109141247;36,4248982592522;30;TRUE
SBA;Evapo;Spatially adjusted;0,373673;;SF[a];11,6095551012859;5,00079478016015;17,6294799098936;30;TRUE
SBA;Evapo;Spatially adjusted;0,393878;;SF[e];28,0669461838907;22,8805173265097;32,5428067492844;30;TRUE
SBA;Evapo;Spatially adjusted;0,393878;;SF[i];22,6485054113863;16,6617793693003;27,9907699922458;30;TRUE
SBA;Evapo;Spatially adjusted;0,393878;;SF[a];2,94000684645812;-2,69177357683226;8,49509268416321;30;FALSE
SBA;Evapo;Spatially adjusted;0,414082;;SF[e];19,576486029888;15,1326580705352;24,0772227849215;30;TRUE
SBA;Evapo;Spatially adjusted;0,414082;;SF[i];14,0563819629306;9,10668823462484;19,4189984270979;30;TRUE
SBA;Evapo;Spatially adjusted;0,414082;;SF[a];-5,65069724468493;-11,3966074713057;-0,814034752016943;30;TRUE
SBA;Evapo;Spatially adjusted;0,434286;;SF[e];11,5068877258439;7,44097224312317;15,9981101708866;30;TRUE
SBA;Evapo;Spatially adjusted;0,434286;;SF[i];5,51949634378832;1,52802750233752;10,7695187278405;30;TRUE
SBA;Evapo;Spatially adjusted;0,434286;;SF[a];-14,6727306506275;-19,8346177720243;-10,2224894967185;30;TRUE
SBA;Evapo;Spatially adjusted;0,45449;;SF[e];3,38624014146172;-0,144331075765086;7,96585313627914;30;FALSE
SBA;Evapo;Spatially adjusted;0,45449;;SF[i];-2,72799403557644;-6,6860463569604;2,16245078263789;30;FALSE
SBA;Evapo;Spatially adjusted;0,45449;;SF[a];-23,5105534445058;-28,2120054804786;-18,9118629770282;30;TRUE
SBA;Evapo;Spatially adjusted;0,474694;;SF[e];-4,34346836072598;-7,68551636509897;-0,294439055870795;30;TRUE
SBA;Evapo;Spatially adjusted;0,474694;;SF[i];-10,5181203434421;-14,2034781201684;-6,31043460260332;30;TRUE
SBA;Evapo;Spatially adjusted;0,474694;;SF[a];-32,2420825329927;-37,0483263310733;-27,6678193496089;30;TRUE
SBA;Evapo;Spatially adjusted;0,494898;;SF[e];-12,0601093292127;-15,8754636392415;-7,90688024429266;30;TRUE
SBA;Evapo;Spatially adjusted;0,494898;;SF[i];-18,5302338567856;-22,7433516704468;-14,6885319684205;30;TRUE
SBA;Evapo;Spatially adjusted;0,494898;;SF[a];-40,945825772699;-45,8920015175526;-35,5118156032596;30;TRUE
SBA;Evapo;Spatially adjusted;0,515102;;SF[e];-19,7198427103509;-23,8882367614676;-15,0228627974656;30;TRUE
SBA;Evapo;Spatially adjusted;0,515102;;SF[i];-26,2754134923719;-31,0845815632794;-22,7179906270787;30;TRUE
SBA;Evapo;Spatially adjusted;0,515102;;SF[a];-49,4147808680537;-54,3226681334907;-43,150147315959;30;TRUE
SBA;Evapo;Spatially adjusted;0,535306;;SF[e];-26,6733302690534;-31,5801024596375;-21,8626673482121;30;TRUE
SBA;Evapo;Spatially adjusted;0,535306;;SF[i];-33,5719365227877;-39,1678933530107;-30,0230261657449;30;TRUE
SBA;Evapo;Spatially adjusted;0,535306;;SF[a];-57,4703690660299;-62,8296207279303;-50,593719425964;30;TRUE
SBA;Evapo;Spatially adjusted;0,55551;;SF[e];-33,413059526733;-38,8840039955561;-28,377715770847;30;TRUE
SBA;Evapo;Spatially adjusted;0,55551;;SF[i];-40,7252306230494;-46,9340125939852;-37,1842647255795;30;TRUE
SBA;Evapo;Spatially adjusted;0,55551;;SF[a];-64,8425945121697;-70,9565351792929;-57,7989457570846;30;TRUE
SBA;Evapo;Spatially adjusted;0,575714;;SF[e];-39,9873740412101;-45,7328846310284;-34,4752234576898;30;TRUE
SBA;Evapo;Spatially adjusted;0,575714;;SF[i];-47,5733322109749;-54,3236648405469;-43,6012331868008;30;TRUE
SBA;Evapo;Spatially adjusted;0,575714;;SF[a];-72,4568915456442;-78,6321742457951;-64,2825198965761;30;TRUE
SBA;Evapo;Spatially adjusted;0,595918;;SF[e];-45,7182267679362;-52,0596876278584;-39,8409612033547;30;TRUE
SBA;Evapo;Spatially adjusted;0,595918;;SF[i];-54,1114119797603;-61,2775756470399;-49,5768079310748;30;TRUE
SBA;Evapo;Spatially adjusted;0,595918;;SF[a];-79,5556722607489;-85,7853006856521;-70,3927775636289;30;TRUE
SBA;Evapo;Spatially adjusted;0,616122;;SF[e];-50,9572393976097;-57,7973562478512;-44,890280771498;30;TRUE
SBA;Evapo;Spatially adjusted;0,616122;;SF[i];-60,3930396606763;-67,7364705678091;-55,2011949720377;30;TRUE
SBA;Evapo;Spatially adjusted;0,616122;;SF[a];-85,7497222997819;-92,3121315696655;-76,1335084180918;30;TRUE
SBA;Evapo;Spatially adjusted;0,636327;;SF[e];-55,7833179537522;-62,8788337528113;-49,3920731859009;30;TRUE
SBA;Evapo;Spatially adjusted;0,636327;;SF[i];-65,7981383495623;-73,6410751571978;-60,4395134013836;30;TRUE
SBA;Evapo;Spatially adjusted;0,636327;;SF[a];-91,1981266486664;-98,170106351055;-81,4325495069943;30;TRUE
SBA;Evapo;Spatially adjusted;0,656531;;SF[e];-59,8702336277757;-67,2370634045437;-53,1256017332309;30;TRUE
SBA;Evapo;Spatially adjusted;0,656531;;SF[i];-70,7721310554419;-78,9321149695509;-65,1315211832736;30;TRUE
SBA;Evapo;Spatially adjusted;0,656531;;SF[a];-95,9169664701842;-103,363562249624;-86,2504131466964;30;TRUE
SBA;Evapo;Spatially adjusted;0,676735;;SF[e];-63,1132634358901;-70,804988464853;-55,8838733165723;30;TRUE
SBA;Evapo;Spatially adjusted;0,676735;;SF[i];-75,1967792104605;-83,5503155592127;-69,2178362753598;30;TRUE
SBA;Evapo;Spatially adjusted;0,676735;;SF[a];-99,87012767927;-107,919502486601;-90,5476116535577;30;TRUE
SBA;Evapo;Spatially adjusted;0,696939;;SF[e];-65,6014787428167;-73,5356591657599;-58,0179274242143;30;TRUE
SBA;Evapo;Spatially adjusted;0,696939;;SF[i];-79,0943930488366;-87,4539077388485;-72,8287982631341;30;TRUE
SBA;Evapo;Spatially adjusted;0,696939;;SF[a];-103,192781266629;-111,562044546222;-94,2970735497168;30;TRUE
SBA;Evapo;Spatially adjusted;0,717143;;SF[e];-67,3656128235215;-75,4625536201497;-59,5542722304075;30;TRUE
SBA;Evapo;Spatially adjusted;0,717143;;SF[i];-82,4254446434422;-90,6711433544088;-75,9845066365862;30;TRUE
SBA;Evapo;Spatially adjusted;0,717143;;SF[a];-105,940858929619;-114,382142749537;-97,5213921804252;30;TRUE
SBA;Evapo;Spatially adjusted;0,737347;;SF[e];-68,4539377597528;-76,639256911123;-60,532755021915;30;TRUE
SBA;Evapo;Spatially adjusted;0,737347;;SF[i];-85,2351285172273;-93,2477795101654;-78,7153116366707;30;TRUE
SBA;Evapo;Spatially adjusted;0,737347;;SF[a];-108,189185947343;-116,434626686967;-100,135600486313;30;TRUE
SBA;Evapo;Spatially adjusted;0,757551;;SF[e];-68,9598073619957;-77,1193541217816;-60,9932230855007;30;TRUE
SBA;Evapo;Spatially adjusted;0,757551;;SF[i];-87,5468650252423;-95,2295733103899;-81,0515635043422;30;TRUE
SBA;Evapo;Spatially adjusted;0,757551;;SF[a];-109,93475193706;-118,120793594739;-101,984820062719;30;TRUE
SBA;Evapo;Spatially adjusted;0,777755;;SF[e];-69,1483820400526;-76,8653117001701;-60,9755237079273;30;TRUE
SBA;Evapo;Spatially adjusted;0,777755;;SF[i];-89,4454922277734;-96,6622818593543;-83,0236124805561;30;TRUE
SBA;Evapo;Spatially adjusted;0,777755;;SF[a];-110,593367674782;-119,346628188304;-103,355230096368;30;TRUE
SBA;Evapo;Spatially adjusted;0,797959;;SF[e];-68,8146005521641;-75,9922965390214;-60,5195041759579;30;TRUE
SBA;Evapo;Spatially adjusted;0,797959;;SF[i];-90,9717965067427;-97,9521345343623;-84,6618088062667;30;TRUE
SBA;Evapo;Spatially adjusted;0,797959;;SF[a];-111,373022727437;-119,979628198123;-104,28673138249;30;TRUE
SBA;Evapo;Spatially adjusted;0,818163;;SF[e];-68,3022032785547;-74,8919875346265;-58,6576960567565;30;TRUE
SBA;Evapo;Spatially adjusted;0,818163;;SF[i];-92,1765881026621;-99,2183868267717;-85,9965027224292;30;TRUE
SBA;Evapo;Spatially adjusted;0,818163;;SF[a];-111,541111755626;-120,073687677265;-104,779975290246;30;TRUE
SBA;Evapo;Spatially adjusted;0,838367;;SF[e];-66,8499126635835;-73,3772356190378;-56,1238222455727;30;TRUE
SBA;Evapo;Spatially adjusted;0,838367;;SF[i];-92,6078121554395;-99,915513704747;-87,0580444699984;30;TRUE
SBA;Evapo;Spatially adjusted;0,838367;;SF[a];-110,57060413647;-119,682700678796;-103,989813601537;30;TRUE
SBA;Evapo;Spatially adjusted;0,858571;;SF[e];-64,6399173392522;-71,3759467352217;-53,1599689245588;30;TRUE
SBA;Evapo;Spatially adjusted;0,858571;;SF[i];-93,1333141704702;-100,122890782689;-87,5882346231259;30;TRUE
SBA;Evapo;Spatially adjusted;0,858571;;SF[a];-109,256589677134;-118,860561255785;-102,847673989283;30;TRUE
SBA;Evapo;Spatially adjusted;0,878776;;SF[e];-62,3123118390808;-68,9694779404837;-49,8198835324433;30;TRUE
SBA;Evapo;Spatially adjusted;0,878776;;SF[i];-93,5778646003731;-100,038549728511;-87,3292470278079;30;TRUE
SBA;Evapo;Spatially adjusted;0,878776;;SF[a];-108,824176990695;-117,6611634613;-101,012253306581;30;TRUE
SBA;Evapo;Spatially adjusted;0,89898;;SF[e];-59,9695138070432;-66,2487349061154;-46,1573135079554;30;TRUE
SBA;Evapo;Spatially adjusted;0,89898;;SF[i];-93,0467702867091;-99,8233665040257;-86,6111282983578;30;TRUE
SBA;Evapo;Spatially adjusted;0,89898;;SF[a];-107,650791826768;-116,138401348407;-98,6812714913415;30;TRUE
SBA;Evapo;Spatially adjusted;0,919184;;SF[e];-57,1269545484918;-63,2660966720548;-42,4394607075673;30;TRUE
SBA;Evapo;Spatially adjusted;0,919184;;SF[i];-92,3060154295537;-99,7953593818694;-85,6905986089212;30;TRUE
SBA;Evapo;Spatially adjusted;0,919184;;SF[a];-106,195094189036;-115,765558051504;-96,0952256667197;30;TRUE
SBA;Evapo;Spatially adjusted;0,939388;;SF[e];-53,7707496332408;-60,2997339939215;-38,9325728899871;30;TRUE
SBA;Evapo;Spatially adjusted;0,939388;;SF[i];-91,3344049737929;-99,6070570462305;-84,6081401514952;30;TRUE
SBA;Evapo;Spatially adjusted;0,939388;;SF[a];-104,130767075448;-114,337233215442;-93,0602643507719;30;TRUE
SBA;Evapo;Spatially adjusted;0,959592;;SF[e];-50,2747500701285;-57,9800368074661;-35,2825416785919;30;TRUE
SBA;Evapo;Spatially adjusted;0,959592;;SF[i];-90,3807438104087;-99,2985333004785;-83,4042351180773;30;TRUE
SBA;Evapo;Spatially adjusted;0,959592;;SF[a];-102,094967976804;-112,765072114803;-89,7428441367329;30;TRUE
SBA;Evapo;Spatially adjusted;0,979796;;SF[e];-47,1039392921597;-55,1116385637155;-31,5370815379869;30;TRUE
SBA;Evapo;Spatially adjusted;0,979796;;SF[i];-89,2307550850148;-98,9118403400915;-82,1193657006647;30;TRUE
SBA;Evapo;Spatially adjusted;0,979796;;SF[a];-100,012012637526;-111,097020171113;-86,3149293957082;30;TRUE
SBA;Evapo;Spatially adjusted;1;;SF[e];-43,8872586194895;-52,6417320941223;-27,7439069327768;30;TRUE
SBA;Evapo;Spatially adjusted;1;;SF[i];-87,8357755423102;-98,795759363911;-80,6092629038271;30;TRUE
SBA;Evapo;Spatially adjusted;1;;SF[a];-97,4629242028852;-110,201183998391;-82,8482526073196;30;TRUE
SBA;Evapo;Current landscape;1;0–5;SF[e];63,1249443990473;42,3411814131295;89,662347954242;30;TRUE
SBA;Evapo;Current landscape;1;0–5;SF[i];76,1477621714801;52,3640516781302;112,452803682894;30;TRUE
SBA;Evapo;Current landscape;1;0–5;SF[a];62,5959662284181;35,2450263053039;98,9516117665414;30;TRUE
SBA;Evapo;Current landscape;2;5–10;SF[e];41,2544879860428;14,2770046501329;56,8778962182476;30;TRUE
SBA;Evapo;Current landscape;2;5–10;SF[i];62,3652708732135;38,0756648516392;81,9897692409488;30;TRUE
SBA;Evapo;Current landscape;2;5–10;SF[a];55,5583127813484;29,6170317882533;82,1097105848462;30;TRUE
SBA;Evapo;Current landscape;3;10–15;SF[e];36,7197685549224;5,55000062550234;56,1069866790262;30;TRUE
SBA;Evapo;Current landscape;3;10–15;SF[i];51,5199952936582;19,5193935153309;71,6135812292799;30;TRUE
SBA;Evapo;Current landscape;3;10–15;SF[a];43,0035423259948;10,7774929333523;73,9266595675301;30;TRUE
SBA;Evapo;Current landscape;4;15–20;SF[e];25,6170299299022;6,19102271209463;49,7087613677335;30;TRUE
SBA;Evapo;Current landscape;4;15–20;SF[i];36,7405865492099;11,374948852071;53,5720365741381;30;TRUE
SBA;Evapo;Current landscape;4;15–20;SF[a];26,0634815091847;2,90405102322211;48,5787036226555;30;TRUE
SBA;Evapo;Current landscape;5;20–25;SF[e];25,6006274648589;5,19760800115333;49,4031590579496;30;TRUE
SBA;Evapo;Current landscape;5;20–25;SF[i];32,9258301049081;8,5896616598964;53,9075031335867;30;TRUE
SBA;Evapo;Current landscape;5;20–25;SF[a];17,1925766387813;-2,77738691751764;41,5974415354554;30;FALSE
SBA;Evapo;Current landscape;6;25–30;SF[e];20,0622695174169;-4,52836906017947;37,8783821513596;30;FALSE
SBA;Evapo;Current landscape;6;25–30;SF[i];27,3019766558927;-4,17104259906051;42,6076810662221;30;FALSE
SBA;Evapo;Current landscape;6;25–30;SF[a];1,78923430063276;-23,9732667746635;27,9777201324324;30;FALSE
SBA;Evapo;Current landscape;7;30–35;SF[e];12,022912705989;-6,03628089584414;25,4584648288725;30;FALSE
SBA;Evapo;Current landscape;7;30–35;SF[i];21,9020670324869;0,486619760947506;38,1922847829333;30;TRUE
SBA;Evapo;Current landscape;7;30–35;SF[a];-6,07181843275987;-29,2767641945327;19,54221551427;30;FALSE
SBA;Evapo;Current landscape;8;35–40;SF[e];5,43136042540584;-17,68779062727;32,5191908944328;30;FALSE
SBA;Evapo;Current landscape;8;35–40;SF[i];11,294682286166;-12,8162702149173;32,0105679838685;30;FALSE
SBA;Evapo;Current landscape;8;35–40;SF[a];-17,7105940669952;-40,0289242786196;20,0072348163167;30;FALSE
SBA;Evapo;Current landscape;9;40–45;SF[e];-11,6996041101016;-42,2362126269061;6,51225266216759;30;FALSE
SBA;Evapo;Current landscape;9;40–45;SF[i];-4,20979071116654;-32,6600437456175;11,4508684302087;30;FALSE
SBA;Evapo;Current landscape;9;40–45;SF[a];-30,8947112272963;-47,6730849979436;-4,09405959322165;30;TRUE
SBA;Evapo;Current landscape;10;45–50;SF[e];-16,8071612753843;-33,3107715347146;4,72760048124527;30;FALSE
SBA;Evapo;Current landscape;10;45–50;SF[i];-0,73405598330919;-16,5468828436127;20,15290473025;30;FALSE
SBA;Evapo;Current landscape;10;45–50;SF[a];-25,5471583259742;-38,5467677916611;-7,16981346947089;30;TRUE
SBA;Evapo;Current landscape;11;50–55;SF[e];-23,3566806298121;-48,6368973324464;-6,87174049949348;30;TRUE
SBA;Evapo;Current landscape;11;50–55;SF[i];-18,6698814522406;-45,5231501801426;2,72920026205597;30;FALSE
SBA;Evapo;Current landscape;11;50–55;SF[a];-52,3470508366522;-77,5622263182252;-30,4868144323623;30;TRUE
SBA;Evapo;Current landscape;12;55–60;SF[e];-20,4237886345521;-47,738652249111;-5,74977252072021;30;TRUE
SBA;Evapo;Current landscape;12;55–60;SF[i];-23,1835476030124;-38,5874917739168;-4,98745291244718;30;TRUE
SBA;Evapo;Current landscape;12;55–60;SF[a];-55,8562557186941;-74,6539273377068;-40,2790518956217;30;TRUE
SBA;Evapo;Current landscape;13;60–65;SF[e];-33,1070337926484;-57,361313038835;-19,9363028745387;30;TRUE
SBA;Evapo;Current landscape;13;60–65;SF[i];-26,9893861958123;-44,1032897310217;-7,91013478605605;30;TRUE
SBA;Evapo;Current landscape;13;60–65;SF[a];-53,5706155329923;-69,8740034532961;-23,9139114816217;30;TRUE
SBA;Evapo;Current landscape;14;65–70;SF[e];-27,7206320476299;-43,9253503487078;-5,73119257019885;30;TRUE
SBA;Evapo;Current landscape;14;65–70;SF[i];-25,2786714996387;-46,9849037665674;-11,2719887831339;30;TRUE
SBA;Evapo;Current landscape;14;65–70;SF[a];-41,723460370479;-66,0488170818454;-25,0103419243755;30;TRUE
SBA;Evapo;Current landscape;15;70–75;SF[e];-27,3127554408399;-46,6761689726734;3,11326840021614;30;FALSE
SBA;Evapo;Current landscape;15;70–75;SF[i];-15,1307898200395;-31,2611138098963;1,30850614611025;30;FALSE
SBA;Evapo;Current landscape;15;70–75;SF[a];-43,9373316904327;-64,4799561543595;-25,7610162726192;30;TRUE
SBA;Evapo;Current landscape;16;75–80;SF[e];-25,4237659243039;-51,7751501948959;-10,2707860722945;30;TRUE
SBA;Evapo;Current landscape;16;75–80;SF[i];-16,2489032099134;-45,1236825873397;7,10444219207235;30;FALSE
SBA;Evapo;Current landscape;16;75–80;SF[a];-39,0075690623128;-64,8641357809633;-8,76871951569117;30;TRUE
SBA;Evapo;Current landscape;17;80–85;SF[e];-30,9702074725175;-53,4675958892537;-12,7586105747496;30;TRUE
SBA;Evapo;Current landscape;17;80–85;SF[i];-17,7663211050182;-35,8980426243608;0,746190301082355;30;FALSE
SBA;Evapo;Current landscape;17;80–85;SF[a];-25,2441234900513;-42,7995436888931;-5,52808890189645;30;TRUE
SBA;Evapo;Current landscape;18;85–90;SF[e];-21,1444675900272;-43,7554477779176;-9,58602118221332;30;TRUE
SBA;Evapo;Current landscape;18;85–90;SF[i];-24,886767886611;-48,7650399184041;-0,956534611661811;30;TRUE
SBA;Evapo;Current landscape;18;85–90;SF[a];-33,9316999593244;-51,8795093129602;-13,3318611653991;30;TRUE
SBA;Evapo;Current landscape;19;90–95;SF[e];-12,0413134777739;-42,3521403719449;7,22611147657408;30;FALSE
SBA;Evapo;Current landscape;19;90–95;SF[i];-11,2149707783251;-38,8828903468557;5,41015554566628;30;FALSE
SBA;Evapo;Current landscape;19;90–95;SF[a];-42,6391716644836;-63,0327883096896;-22,8379112590794;30;TRUE
SBA;Evapo;Current landscape;20;95–100;SF[e];-28,874527191413;-47,2876688801788;-6,81301559888202;30;TRUE
SBA;Evapo;Current landscape;20;95–100;SF[i];-33,2459137726608;-47,3583862838046;-14,4672757667628;30;TRUE
SBA;Evapo;Current landscape;20;95–100;SF[a];-36,3320451079813;-55,7693720138506;-21,8735455239428;30;TRUE
